#
# There is insufficient memory for the Java Runtime Environment to continue.
# Native memory allocation (malloc) failed to allocate 32744 bytes for ChunkPool::allocate
# Possible reasons:
#   The system is out of physical RAM or swap space
#   In 32 bit mode, the process size limit was hit
# Possible solutions:
#   Reduce memory load on the system
#   Increase physical memory or swap space
#   Check if swap backing store is full
#   Use 64 bit Java on a 64 bit OS
#   Decrease Java heap size (-Xmx/-Xms)
#   Decrease number of Java threads
#   Decrease Java thread stack sizes (-Xss)
#   Set larger code cache with -XX:ReservedCodeCacheSize=
# This output file may be truncated or incomplete.
#
#  Out of Memory Error (allocation.cpp:273), pid=11884, tid=0x0000000000009e38
#
# JRE version: Java(TM) SE Runtime Environment (8.0_162-b12) (build 1.8.0_162-b12)
# Java VM: Java HotSpot(TM) 64-Bit Server VM (25.162-b12 mixed mode windows-amd64 compressed oops)
# Failed to write core dump. Minidumps are not enabled by default on client versions of Windows
#

---------------  T H R E A D  ---------------

Current thread (0x0000000028416000):  VMThread [stack: 0x0000000029f80000,0x000000002a080000] [id=40504]

Stack: [0x0000000029f80000,0x000000002a080000]
[error occurred during error reporting (printing stack bounds), id 0xc0000005]

Native frames: (J=compiled Java code, j=interpreted, Vv=VM code, C=native code)

VM_Operation (0x000000005ae2e250): BulkRevokeBias, mode: safepoint, requested by thread 0x0000000041370800


---------------  P R O C E S S  ---------------

Java Threads: ( => current thread )
  0x0000000042156000 JavaThread "pool-6-thread-42" [_thread_blocked, id=35044, stack(0x000000003e730000,0x000000003e830000)]
  0x0000000042150000 JavaThread "pool-6-thread-41" [_thread_blocked, id=14084, stack(0x000000009db40000,0x000000009dc40000)]
  0x0000000042155000 JavaThread "pool-6-thread-40" [_thread_blocked, id=31764, stack(0x000000003e530000,0x000000003e630000)]
  0x0000000042147800 JavaThread "pool-6-thread-39" [_thread_blocked, id=21124, stack(0x000000009da40000,0x000000009db40000)]
  0x000000004214e800 JavaThread "pool-6-thread-38" [_thread_blocked, id=23192, stack(0x000000009d940000,0x000000009da40000)]
  0x000000004214d800 JavaThread "pool-6-thread-37" [_thread_blocked, id=33948, stack(0x000000003e330000,0x000000003e430000)]
  0x0000000042148800 JavaThread "pool-7-thread-2" [_thread_blocked, id=39072, stack(0x000000009d840000,0x000000009d940000)]
  0x0000000042147000 JavaThread "pool-6-thread-36" [_thread_blocked, id=18076, stack(0x000000003e030000,0x000000003e130000)]
  0x0000000042146000 JavaThread "pool-6-thread-35" [_thread_blocked, id=31104, stack(0x000000003df30000,0x000000003e030000)]
  0x000000004214d000 JavaThread "pool-6-thread-34" [_thread_blocked, id=23092, stack(0x000000009d740000,0x000000009d840000)]
  0x0000000042145800 JavaThread "pool-6-thread-33" [_thread_blocked, id=40120, stack(0x000000009d440000,0x000000009d540000)]
  0x000000004214a000 JavaThread "pool-6-thread-32" [_thread_blocked, id=34784, stack(0x000000003dd30000,0x000000003de30000)]
  0x000000004214c000 JavaThread "pool-6-thread-31" [_thread_blocked, id=35888, stack(0x000000009d340000,0x000000009d440000)]
  0x0000000042149000 JavaThread "pool-6-thread-30" [_thread_blocked, id=25692, stack(0x000000003da30000,0x000000003db30000)]
  0x000000004214b800 JavaThread "pool-7-thread-1" [_thread_blocked, id=32060, stack(0x000000003a0e0000,0x000000003a1e0000)]
  0x0000000042144000 JavaThread "pool-6-thread-29" [_thread_blocked, id=13728, stack(0x000000002a6e0000,0x000000002a7e0000)]
  0x000000004214a800 JavaThread "Thread-464" [_thread_blocked, id=1324, stack(0x000000009d640000,0x000000009d740000)]
  0x0000000042144800 JavaThread "Thread-477" [_thread_blocked, id=28924, stack(0x000000009d540000,0x000000009d640000)]
  0x0000000042143000 JavaThread "SIGINT handler" daemon [_thread_blocked, id=2092, stack(0x000000002a4e0000,0x000000002a5e0000)]
  0x000000004213b800 JavaThread "NettyClientPublicExecutor_20" [_thread_blocked, id=11564, stack(0x000000009c220000,0x000000009c320000)]
  0x0000000042142800 JavaThread "NettyClientPublicExecutor_19" [_thread_blocked, id=30160, stack(0x000000009c120000,0x000000009c220000)]
  0x000000004213b000 JavaThread "NettyClientPublicExecutor_20" [_thread_blocked, id=26080, stack(0x000000009c020000,0x000000009c120000)]
  0x0000000042141800 JavaThread "NettyClientPublicExecutor_19" [_thread_blocked, id=40244, stack(0x000000009bf20000,0x000000009c020000)]
  0x000000004213a000 JavaThread "NettyClientPublicExecutor_18" [_thread_blocked, id=13668, stack(0x000000009b910000,0x000000009ba10000)]
  0x0000000042141000 JavaThread "NettyClientPublicExecutor_17" [_thread_blocked, id=5388, stack(0x000000009b810000,0x000000009b910000)]
  0x0000000042139800 JavaThread "NettyClientPublicExecutor_18" [_thread_blocked, id=13164, stack(0x000000009b710000,0x000000009b810000)]
  0x0000000042140000 JavaThread "NettyClientPublicExecutor_17" [_thread_blocked, id=3104, stack(0x000000009b610000,0x000000009b710000)]
  0x000000004213f800 JavaThread "pool-50-thread-2" [_thread_blocked, id=26304, stack(0x000000009af00000,0x000000009b000000)]
  0x000000004213e800 JavaThread "NettyClientPublicExecutor_16" [_thread_blocked, id=31332, stack(0x000000009ae00000,0x000000009af00000)]
  0x000000004213c800 JavaThread "NettyClientPublicExecutor_15" [_thread_blocked, id=15976, stack(0x000000009ad00000,0x000000009ae00000)]
  0x000000004213e000 JavaThread "NettyClientPublicExecutor_16" [_thread_blocked, id=16816, stack(0x000000009ac00000,0x000000009ad00000)]
  0x000000004213d000 JavaThread "NettyClientPublicExecutor_15" [_thread_blocked, id=4312, stack(0x000000009a6f0000,0x000000009a7f0000)]
  0x0000000042178000 JavaThread "NettyClientPublicExecutor_14" [_thread_blocked, id=30808, stack(0x000000009a5f0000,0x000000009a6f0000)]
  0x0000000042175800 JavaThread "NettyClientPublicExecutor_13" [_thread_blocked, id=30916, stack(0x000000009a4f0000,0x000000009a5f0000)]
  0x000000004216a800 JavaThread "NettyClientPublicExecutor_12" [_thread_blocked, id=2260, stack(0x000000009a3f0000,0x000000009a4f0000)]
  0x0000000042170800 JavaThread "NettyClientPublicExecutor_11" [_thread_blocked, id=17360, stack(0x0000000099ee0000,0x0000000099fe0000)]
  0x000000004216e000 JavaThread "NettyClientPublicExecutor_14" [_thread_blocked, id=18656, stack(0x0000000099de0000,0x0000000099ee0000)]
  0x000000004216d800 JavaThread "NettyClientPublicExecutor_13" [_thread_blocked, id=13580, stack(0x0000000099ce0000,0x0000000099de0000)]
  0x000000004216c800 JavaThread "NettyClientPublicExecutor_12" [_thread_blocked, id=8188, stack(0x0000000099be0000,0x0000000099ce0000)]
  0x0000000042171000 JavaThread "NettyClientPublicExecutor_11" [_thread_blocked, id=30500, stack(0x0000000098ed0000,0x0000000098fd0000)]
  0x0000000042172800 JavaThread "NettyClientPublicExecutor_20" [_thread_blocked, id=27716, stack(0x0000000098dd0000,0x0000000098ed0000)]
  0x000000004216b000 JavaThread "NettyClientPublicExecutor_19" [_thread_blocked, id=13460, stack(0x0000000098cd0000,0x0000000098dd0000)]
  0x000000004216f800 JavaThread "NettyClientPublicExecutor_18" [_thread_blocked, id=21164, stack(0x0000000098bd0000,0x0000000098cd0000)]
  0x0000000042177000 JavaThread "NettyClientPublicExecutor_10" [_thread_blocked, id=40264, stack(0x000000009ce30000,0x000000009cf30000)]
  0x0000000042174000 JavaThread "NettyClientPublicExecutor_9" [_thread_blocked, id=12552, stack(0x000000009cd30000,0x000000009ce30000)]
  0x0000000042179800 JavaThread "NettyClientPublicExecutor_10" [_thread_blocked, id=26328, stack(0x000000009cc30000,0x000000009cd30000)]
  0x0000000042172000 JavaThread "NettyClientPublicExecutor_9" [_thread_blocked, id=32992, stack(0x000000009cb30000,0x000000009cc30000)]
  0x0000000042178800 JavaThread "NettyClientPublicExecutor_8" [_thread_blocked, id=12704, stack(0x000000009ca30000,0x000000009cb30000)]
  0x0000000042176800 JavaThread "NettyClientPublicExecutor_7" [_thread_blocked, id=11780, stack(0x000000009c930000,0x000000009ca30000)]
  0x0000000042173800 JavaThread "NettyClientPublicExecutor_8" [_thread_blocked, id=19156, stack(0x000000009c830000,0x000000009c930000)]
  0x0000000042175000 JavaThread "NettyClientPublicExecutor_7" [_thread_blocked, id=27164, stack(0x000000009c730000,0x000000009c830000)]
  0x0000000042169800 JavaThread "NettyClientPublicExecutor_17" [_thread_blocked, id=11940, stack(0x000000009be20000,0x000000009bf20000)]
  0x000000004216f000 JavaThread "NettyClientPublicExecutor_16" [_thread_blocked, id=34092, stack(0x000000009b510000,0x000000009b610000)]
  0x000000004216c000 JavaThread "NettyClientPublicExecutor_15" [_thread_blocked, id=14264, stack(0x000000009b410000,0x000000009b510000)]
  0x0000000041816000 JavaThread "pulsar-client-internal-4-1" [_thread_blocked, id=17768, stack(0x0000000099ae0000,0x0000000099be0000)]
  0x0000000041811000 JavaThread "pulsar-timer-6-1" [_thread_blocked, id=24224, stack(0x00000000995e0000,0x00000000996e0000)]
  0x0000000041812800 JavaThread "pool-50-thread-1" [_thread_blocked, id=18900, stack(0x0000000098ad0000,0x0000000098bd0000)]
  0x000000004180e800 JavaThread "pulsar-client-io-7-1" [_thread_in_native, id=14716, stack(0x00000000989d0000,0x0000000098ad0000)]
  0x000000004180e000 JavaThread "pulsar-client-io-1-1" [_thread_in_native, id=37948, stack(0x00000000988d0000,0x00000000989d0000)]
  0x0000000041810000 JavaThread "NettyClientPublicExecutor_6" [_thread_blocked, id=39036, stack(0x00000000987d0000,0x00000000988d0000)]
  0x0000000041809800 JavaThread "NettyClientPublicExecutor_5" [_thread_blocked, id=28844, stack(0x00000000986d0000,0x00000000987d0000)]
  0x0000000041808000 JavaThread "DestroyJavaVM" [_thread_blocked, id=37980, stack(0x0000000002ee0000,0x0000000002fe0000)]
  0x0000000041807000 JavaThread "Thread-476" [_thread_blocked, id=33348, stack(0x00000000983d0000,0x00000000984d0000)]
  0x0000000041806800 JavaThread "Thread-475" [_thread_blocked, id=40184, stack(0x00000000982d0000,0x00000000983d0000)]
  0x000000004180c800 JavaThread "Thread-474" [_thread_blocked, id=33140, stack(0x00000000981d0000,0x00000000982d0000)]
  0x000000004180b800 JavaThread "Thread-473" [_thread_blocked, id=23204, stack(0x00000000980d0000,0x00000000981d0000)]
  0x000000004180b000 JavaThread "Thread-472" [_thread_blocked, id=40592, stack(0x0000000097fd0000,0x00000000980d0000)]
  0x0000000041808800 JavaThread "Thread-471" [_thread_blocked, id=13300, stack(0x0000000097ed0000,0x0000000097fd0000)]
  0x000000004180a000 JavaThread "Thread-470" [_thread_blocked, id=14836, stack(0x0000000097dd0000,0x0000000097ed0000)]
  0x00000000417ff000 JavaThread "Thread-469" [_thread_blocked, id=14036, stack(0x0000000097cd0000,0x0000000097dd0000)]
  0x0000000041805800 JavaThread "Thread-468" [_thread_blocked, id=33340, stack(0x0000000097bd0000,0x0000000097cd0000)]
  0x0000000041804000 JavaThread "Thread-467" [_thread_blocked, id=12124, stack(0x0000000097ad0000,0x0000000097bd0000)]
  0x00000000417fe000 JavaThread "Thread-466" [_thread_blocked, id=29016, stack(0x00000000979d0000,0x0000000097ad0000)]
  0x0000000041803800 JavaThread "Thread-465" [_thread_blocked, id=36884, stack(0x00000000978d0000,0x00000000979d0000)]
  0x0000000041805000 JavaThread "http-nio-18705-AsyncTimeout" daemon [_thread_blocked, id=29640, stack(0x00000000973d0000,0x00000000974d0000)]
  0x0000000041802800 JavaThread "http-nio-18705-Acceptor-0" daemon [_thread_in_native, id=26200, stack(0x00000000972d0000,0x00000000973d0000)]
  0x00000000417fc000 JavaThread "http-nio-18705-ClientPoller-1" daemon [_thread_in_native, id=36272, stack(0x00000000971d0000,0x00000000972d0000)]
  0x0000000041802000 JavaThread "http-nio-18705-ClientPoller-0" daemon [_thread_in_native, id=35004, stack(0x00000000970d0000,0x00000000971d0000)]
  0x00000000417fb000 JavaThread "http-nio-18705-exec-10" daemon [_thread_blocked, id=38548, stack(0x0000000096fd0000,0x00000000970d0000)]
  0x0000000041801000 JavaThread "http-nio-18705-exec-9" daemon [_thread_blocked, id=2876, stack(0x0000000096ed0000,0x0000000096fd0000)]
  0x00000000417fd800 JavaThread "http-nio-18705-exec-8" daemon [_thread_blocked, id=34616, stack(0x0000000096dd0000,0x0000000096ed0000)]
  0x00000000417fa800 JavaThread "http-nio-18705-exec-7" daemon [_thread_blocked, id=23608, stack(0x0000000096cd0000,0x0000000096dd0000)]
  0x00000000417f9800 JavaThread "http-nio-18705-exec-6" daemon [_thread_blocked, id=23956, stack(0x0000000096bd0000,0x0000000096cd0000)]
  0x00000000417fc800 JavaThread "http-nio-18705-exec-5" daemon [_thread_blocked, id=9028, stack(0x0000000096ad0000,0x0000000096bd0000)]
  0x0000000041800800 JavaThread "http-nio-18705-exec-4" daemon [_thread_blocked, id=39000, stack(0x00000000969d0000,0x0000000096ad0000)]
  0x00000000417f9000 JavaThread "http-nio-18705-exec-3" daemon [_thread_blocked, id=28240, stack(0x00000000968d0000,0x00000000969d0000)]
  0x00000000417ff800 JavaThread "http-nio-18705-exec-2" daemon [_thread_blocked, id=9880, stack(0x00000000967d0000,0x00000000968d0000)]
  0x00000000417f8000 JavaThread "http-nio-18705-exec-1" daemon [_thread_blocked, id=36768, stack(0x00000000966d0000,0x00000000967d0000)]
  0x00000000417f0800 JavaThread "NioBlockingSelector.BlockPoller-1" daemon [_thread_in_native, id=26872, stack(0x00000000965d0000,0x00000000966d0000)]
  0x00000000417f7800 JavaThread "MQ-AsyncArrayDispatcher-Thread01" daemon [_thread_blocked, id=40728, stack(0x00000000964d0000,0x00000000965d0000)]
  0x00000000417f6800 JavaThread "LatencyFaultToleranceScheduledThread" [_thread_blocked, id=32440, stack(0x00000000963d0000,0x00000000964d0000)]
  0x00000000417f6000 JavaThread "LatencyFaultToleranceScheduledThread" [_thread_blocked, id=27920, stack(0x00000000962d0000,0x00000000963d0000)]
  0x00000000417ee000 JavaThread "RebalanceService" [_thread_blocked, id=24760, stack(0x00000000961d0000,0x00000000962d0000)]
  0x00000000417f4800 JavaThread "PullMessageService" [_thread_blocked, id=37776, stack(0x00000000960d0000,0x00000000961d0000)]
  0x00000000417f2000 JavaThread "ClientHouseKeepingService" [_thread_blocked, id=40144, stack(0x0000000095fd0000,0x00000000960d0000)]
  0x00000000417f5000 JavaThread "NettyEventExecutor" [_thread_blocked, id=14448, stack(0x0000000095ed0000,0x0000000095fd0000)]
  0x00000000417ef000 JavaThread "MQClientFactoryScheduledThread" [_thread_blocked, id=39668, stack(0x0000000095dd0000,0x0000000095ed0000)]
  0x00000000417f3800 JavaThread "NettyClientPublicExecutor_6" [_thread_blocked, id=16980, stack(0x0000000095cd0000,0x0000000095dd0000)]
  0x00000000417ec000 JavaThread "NettyClientPublicExecutor_5" [_thread_blocked, id=19108, stack(0x0000000095bd0000,0x0000000095cd0000)]
  0x00000000417f1000 JavaThread "NettyClientPublicExecutor_20" [_thread_blocked, id=11420, stack(0x0000000095ad0000,0x0000000095bd0000)]
  0x00000000417f2800 JavaThread "NettyClientPublicExecutor_19" [_thread_blocked, id=35552, stack(0x00000000959d0000,0x0000000095ad0000)]
  0x00000000417e9000 JavaThread "NettyClientPublicExecutor_18" [_thread_blocked, id=36136, stack(0x00000000958d0000,0x00000000959d0000)]
  0x00000000417ef800 JavaThread "NettyClientPublicExecutor_17" [_thread_blocked, id=11928, stack(0x00000000957d0000,0x00000000958d0000)]
  0x00000000417e8000 JavaThread "NettyClientPublicExecutor_16" [_thread_blocked, id=34088, stack(0x00000000956d0000,0x00000000957d0000)]
  0x00000000417e9800 JavaThread "NettyClientPublicExecutor_15" [_thread_blocked, id=12084, stack(0x00000000955d0000,0x00000000956d0000)]
  0x00000000417e6800 JavaThread "NettyClientPublicExecutor_14" [_thread_blocked, id=39788, stack(0x00000000954d0000,0x00000000955d0000)]
  0x00000000417e7800 JavaThread "NettyClientPublicExecutor_13" [_thread_blocked, id=39980, stack(0x00000000953d0000,0x00000000954d0000)]
  0x00000000417eb000 JavaThread "NettyClientPublicExecutor_12" [_thread_blocked, id=29276, stack(0x00000000952d0000,0x00000000953d0000)]
  0x00000000417ed800 JavaThread "PullMessageServiceScheduledThread1" [_thread_blocked, id=23296, stack(0x00000000951d0000,0x00000000952d0000)]
  0x00000000417e6000 JavaThread "NettyClientPublicExecutor_11" [_thread_blocked, id=29388, stack(0x00000000950d0000,0x00000000951d0000)]
  0x00000000417ea800 JavaThread "NettyClientPublicExecutor_10" [_thread_blocked, id=36644, stack(0x0000000094fd0000,0x00000000950d0000)]
  0x00000000417ec800 JavaThread "NettyClientWorkerThread_4" [_thread_blocked, id=30492, stack(0x0000000094ed0000,0x0000000094fd0000)]
  0x00000000417e5000 JavaThread "NettyClientPublicExecutor_9" [_thread_blocked, id=20160, stack(0x0000000094dd0000,0x0000000094ed0000)]
  0x00000000417dd800 JavaThread "NettyClientPublicExecutor_8" [_thread_blocked, id=26032, stack(0x0000000094cd0000,0x0000000094dd0000)]
  0x00000000417e3800 JavaThread "NettyClientPublicExecutor_7" [_thread_blocked, id=32696, stack(0x0000000094bd0000,0x0000000094cd0000)]
  0x00000000417e1800 JavaThread "NettyClientWorkerThread_3" [_thread_blocked, id=39588, stack(0x0000000094ad0000,0x0000000094bd0000)]
  0x00000000417e4800 JavaThread "NettyClientPublicExecutor_6" [_thread_blocked, id=38132, stack(0x00000000949d0000,0x0000000094ad0000)]
  0x00000000417de800 JavaThread "NettyClientPublicExecutor_5" [_thread_blocked, id=21352, stack(0x00000000948d0000,0x00000000949d0000)]
  0x00000000417e0000 JavaThread "NettyClientPublicExecutor_4" [_thread_blocked, id=14052, stack(0x00000000947d0000,0x00000000948d0000)]
  0x00000000417df000 JavaThread "NettyClientPublicExecutor_3" [_thread_blocked, id=34908, stack(0x00000000946d0000,0x00000000947d0000)]
  0x00000000417e2000 JavaThread "NettyClientWorkerThread_2" [_thread_blocked, id=15292, stack(0x00000000945d0000,0x00000000946d0000)]
  0x00000000417e0800 JavaThread "NettyClientPublicExecutor_2" [_thread_blocked, id=35140, stack(0x00000000944d0000,0x00000000945d0000)]
  0x00000000417dd000 JavaThread "NettyClientPublicExecutor_1" [_thread_blocked, id=6012, stack(0x00000000943d0000,0x00000000944d0000)]
  0x00000000417e3000 JavaThread "NettyClientWorkerThread_1" [_thread_blocked, id=38232, stack(0x0000000093300000,0x0000000093400000)]
  0x0000000041617800 JavaThread "NettyClientSelector_1" [_thread_in_native, id=36288, stack(0x0000000093200000,0x0000000093300000)]
  0x0000000041619800 JavaThread "LatencyFaultToleranceScheduledThread" [_thread_blocked, id=39784, stack(0x0000000093100000,0x0000000093200000)]
  0x000000004161b000 JavaThread "RebalanceService" [_thread_blocked, id=36564, stack(0x0000000093000000,0x0000000093100000)]
  0x000000004161a800 JavaThread "PullMessageService" [_thread_blocked, id=39084, stack(0x0000000092f00000,0x0000000093000000)]
  0x0000000041619000 JavaThread "ClientHouseKeepingService" [_thread_blocked, id=16020, stack(0x0000000092e00000,0x0000000092f00000)]
  0x000000004161c000 JavaThread "NettyEventExecutor" [_thread_blocked, id=12228, stack(0x0000000092d00000,0x0000000092e00000)]
  0x0000000041618000 JavaThread "CleanExpireMsgScheduledThread_dev_local%Marketing_Tcyr_Cpa_Colliding_Success_Queue_1" [_thread_blocked, id=27888, stack(0x0000000092c00000,0x0000000092d00000)]
  0x000000004161c800 JavaThread "MQClientFactoryScheduledThread" [_thread_blocked, id=35288, stack(0x0000000092b00000,0x0000000092c00000)]
  0x000000004161d800 JavaThread "NettyClientPublicExecutor_20" [_thread_blocked, id=31204, stack(0x0000000092a00000,0x0000000092b00000)]
  0x0000000041610000 JavaThread "PullMessageServiceScheduledThread1" [_thread_blocked, id=16004, stack(0x0000000092900000,0x0000000092a00000)]
  0x0000000041616800 JavaThread "NettyClientPublicExecutor_19" [_thread_blocked, id=36468, stack(0x0000000092800000,0x0000000092900000)]
  0x0000000041613000 JavaThread "NettyClientPublicExecutor_18" [_thread_blocked, id=39540, stack(0x0000000092700000,0x0000000092800000)]
  0x0000000041616000 JavaThread "NettyClientPublicExecutor_17" [_thread_blocked, id=24244, stack(0x0000000092600000,0x0000000092700000)]
  0x000000004160e800 JavaThread "NettyClientPublicExecutor_16" [_thread_blocked, id=40464, stack(0x0000000092500000,0x0000000092600000)]
  0x0000000041615000 JavaThread "NettyClientPublicExecutor_15" [_thread_blocked, id=28144, stack(0x0000000092400000,0x0000000092500000)]
  0x000000004160f000 JavaThread "NettyClientPublicExecutor_14" [_thread_blocked, id=27208, stack(0x0000000092300000,0x0000000092400000)]
  0x0000000041612000 JavaThread "NettyClientPublicExecutor_13" [_thread_blocked, id=31100, stack(0x0000000092200000,0x0000000092300000)]
  0x0000000041614800 JavaThread "NettyClientPublicExecutor_12" [_thread_blocked, id=31200, stack(0x0000000092100000,0x0000000092200000)]
  0x0000000041610800 JavaThread "NettyClientPublicExecutor_11" [_thread_blocked, id=6544, stack(0x0000000092000000,0x0000000092100000)]
  0x0000000041611800 JavaThread "NettyClientWorkerThread_4" [_thread_blocked, id=25108, stack(0x0000000091f00000,0x0000000092000000)]
  0x0000000041613800 JavaThread "NettyClientPublicExecutor_10" [_thread_blocked, id=39900, stack(0x0000000091e00000,0x0000000091f00000)]
  0x0000000041607800 JavaThread "NettyClientPublicExecutor_9" [_thread_blocked, id=11084, stack(0x0000000091d00000,0x0000000091e00000)]
  0x0000000041607000 JavaThread "NettyClientPublicExecutor_8" [_thread_blocked, id=26360, stack(0x0000000091c00000,0x0000000091d00000)]
  0x000000004160d000 JavaThread "NettyClientPublicExecutor_7" [_thread_blocked, id=1476, stack(0x0000000091b00000,0x0000000091c00000)]
  0x000000004160c000 JavaThread "NettyClientWorkerThread_3" [_thread_blocked, id=25300, stack(0x0000000091a00000,0x0000000091b00000)]
  0x000000004160b800 JavaThread "NettyClientPublicExecutor_6" [_thread_blocked, id=38796, stack(0x0000000091900000,0x0000000091a00000)]
  0x000000004160d800 JavaThread "NettyClientPublicExecutor_5" [_thread_blocked, id=30676, stack(0x0000000091800000,0x0000000091900000)]
  0x000000004160a800 JavaThread "NettyClientPublicExecutor_4" [_thread_blocked, id=40424, stack(0x0000000091700000,0x0000000091800000)]
  0x000000004160a000 JavaThread "NettyClientPublicExecutor_3" [_thread_blocked, id=9244, stack(0x0000000091600000,0x0000000091700000)]
  0x0000000041609000 JavaThread "NettyClientWorkerThread_2" [_thread_blocked, id=12012, stack(0x0000000091500000,0x0000000091600000)]
  0x0000000041608800 JavaThread "NettyClientPublicExecutor_2" [_thread_blocked, id=30340, stack(0x0000000091400000,0x0000000091500000)]
  0x00000000415ff800 JavaThread "NettyClientPublicExecutor_1" [_thread_blocked, id=30212, stack(0x0000000091300000,0x0000000091400000)]
  0x0000000041606000 JavaThread "NettyClientWorkerThread_1" [_thread_blocked, id=40100, stack(0x0000000091200000,0x0000000091300000)]
  0x0000000041603000 JavaThread "NettyClientSelector_1" [_thread_in_native, id=26488, stack(0x0000000091100000,0x0000000091200000)]
  0x0000000041605800 JavaThread "LatencyFaultToleranceScheduledThread" [_thread_blocked, id=26436, stack(0x0000000091000000,0x0000000091100000)]
  0x0000000041601800 JavaThread "RebalanceService" [_thread_blocked, id=19120, stack(0x0000000090f00000,0x0000000091000000)]
  0x0000000041604800 JavaThread "PullMessageService" [_thread_blocked, id=15808, stack(0x0000000090e00000,0x0000000090f00000)]
  0x00000000415fd000 JavaThread "ClientHouseKeepingService" [_thread_blocked, id=27828, stack(0x0000000090d00000,0x0000000090e00000)]
  0x0000000041604000 JavaThread "NettyEventExecutor" [_thread_blocked, id=25944, stack(0x0000000090c00000,0x0000000090d00000)]
  0x0000000041602800 JavaThread "CleanExpireMsgScheduledThread_dev_local%marketing_zhongyou_data_clean_1" [_thread_blocked, id=33616, stack(0x0000000090b00000,0x0000000090c00000)]
  0x0000000041601000 JavaThread "MQClientFactoryScheduledThread" [_thread_blocked, id=35312, stack(0x0000000090a00000,0x0000000090b00000)]
  0x0000000041600000 JavaThread "NettyClientPublicExecutor_20" [_thread_blocked, id=30204, stack(0x0000000090900000,0x0000000090a00000)]
  0x00000000415fa000 JavaThread "NettyClientPublicExecutor_19" [_thread_blocked, id=35088, stack(0x0000000090800000,0x0000000090900000)]
  0x00000000415fb000 JavaThread "NettyClientPublicExecutor_18" [_thread_blocked, id=29788, stack(0x0000000090700000,0x0000000090800000)]
  0x00000000415fc800 JavaThread "NettyClientPublicExecutor_17" [_thread_blocked, id=3412, stack(0x0000000090600000,0x0000000090700000)]
  0x00000000415fe800 JavaThread "NettyClientPublicExecutor_16" [_thread_blocked, id=22320, stack(0x0000000090500000,0x0000000090600000)]
  0x00000000415f8800 JavaThread "NettyClientPublicExecutor_15" [_thread_blocked, id=12148, stack(0x0000000090400000,0x0000000090500000)]
  0x00000000415fe000 JavaThread "NettyClientPublicExecutor_14" [_thread_blocked, id=27128, stack(0x0000000090300000,0x0000000090400000)]
  0x00000000415f5000 JavaThread "NettyClientPublicExecutor_13" [_thread_blocked, id=25248, stack(0x0000000090200000,0x0000000090300000)]
  0x00000000415f9800 JavaThread "NettyClientPublicExecutor_12" [_thread_blocked, id=37624, stack(0x0000000090100000,0x0000000090200000)]
  0x00000000415f8000 JavaThread "NettyClientPublicExecutor_11" [_thread_blocked, id=30696, stack(0x0000000090000000,0x0000000090100000)]
  0x00000000415fb800 JavaThread "NettyClientWorkerThread_4" [_thread_blocked, id=6764, stack(0x000000008ff00000,0x0000000090000000)]
  0x00000000415f7000 JavaThread "NettyClientPublicExecutor_10" [_thread_blocked, id=23068, stack(0x000000008fe00000,0x000000008ff00000)]
  0x00000000415f2800 JavaThread "NettyClientPublicExecutor_9" [_thread_blocked, id=26940, stack(0x000000008fd00000,0x000000008fe00000)]
  0x00000000415f6800 JavaThread "PullMessageServiceScheduledThread1" [_thread_blocked, id=30664, stack(0x000000008fc00000,0x000000008fd00000)]
  0x00000000415f1000 JavaThread "NettyClientPublicExecutor_8" [_thread_blocked, id=9964, stack(0x000000008fb00000,0x000000008fc00000)]
  0x00000000415f4000 JavaThread "NettyClientPublicExecutor_7" [_thread_blocked, id=30572, stack(0x000000008fa00000,0x000000008fb00000)]
  0x00000000415f1800 JavaThread "NettyClientWorkerThread_3" [_thread_blocked, id=33028, stack(0x000000008f900000,0x000000008fa00000)]
  0x00000000415f0000 JavaThread "NettyClientPublicExecutor_6" [_thread_blocked, id=12328, stack(0x000000008f800000,0x000000008f900000)]
  0x00000000415f5800 JavaThread "NettyClientPublicExecutor_5" [_thread_blocked, id=40536, stack(0x000000008f700000,0x000000008f800000)]
  0x00000000415f3000 JavaThread "NettyClientPublicExecutor_4" [_thread_blocked, id=18684, stack(0x000000008f600000,0x000000008f700000)]
  0x00000000415ed000 JavaThread "NettyClientPublicExecutor_3" [_thread_blocked, id=11848, stack(0x000000008f500000,0x000000008f600000)]
  0x00000000415e8800 JavaThread "NettyClientWorkerThread_2" [_thread_blocked, id=6252, stack(0x000000008f400000,0x000000008f500000)]
  0x00000000415ef800 JavaThread "NettyClientPublicExecutor_2" [_thread_blocked, id=34992, stack(0x000000008f300000,0x000000008f400000)]
  0x00000000415ec800 JavaThread "NettyClientPublicExecutor_1" [_thread_blocked, id=33284, stack(0x000000008f200000,0x000000008f300000)]
  0x00000000415eb000 JavaThread "NettyClientWorkerThread_1" [_thread_blocked, id=38160, stack(0x000000008f100000,0x000000008f200000)]
  0x00000000415ee800 JavaThread "NettyClientSelector_1" [_thread_in_native, id=37148, stack(0x000000008f000000,0x000000008f100000)]
  0x00000000415eb800 JavaThread "LatencyFaultToleranceScheduledThread" [_thread_blocked, id=3056, stack(0x000000008ef00000,0x000000008f000000)]
  0x00000000415ea000 JavaThread "RebalanceService" [_thread_blocked, id=34884, stack(0x000000008ee00000,0x000000008ef00000)]
  0x00000000415ee000 JavaThread "PullMessageService" [_thread_blocked, id=12864, stack(0x000000008ed00000,0x000000008ee00000)]
  0x00000000415e8000 JavaThread "ClientHouseKeepingService" [_thread_blocked, id=38760, stack(0x000000008ec00000,0x000000008ed00000)]
  0x00000000415e9800 JavaThread "NettyEventExecutor" [_thread_blocked, id=32372, stack(0x000000008eb00000,0x000000008ec00000)]
  0x00000000415e1000 JavaThread "CleanExpireMsgScheduledThread_dev_local%Marketing_XieChengSmsCollidingVt_Customer_1" [_thread_blocked, id=24136, stack(0x000000008ea00000,0x000000008eb00000)]
  0x00000000415e0800 JavaThread "MQClientFactoryScheduledThread" [_thread_blocked, id=18016, stack(0x000000008e900000,0x000000008ea00000)]
  0x00000000415e7000 JavaThread "NettyClientPublicExecutor_4" [_thread_blocked, id=18452, stack(0x000000008e700000,0x000000008e800000)]
  0x00000000415df800 JavaThread "NettyClientPublicExecutor_3" [_thread_blocked, id=12212, stack(0x000000008e600000,0x000000008e700000)]
  0x00000000415e6800 JavaThread "NettyClientPublicExecutor_2" [_thread_blocked, id=40496, stack(0x000000008e2f0000,0x000000008e3f0000)]
  0x00000000415df000 JavaThread "NettyClientPublicExecutor_1" [_thread_blocked, id=24640, stack(0x000000008e1f0000,0x000000008e2f0000)]
  0x00000000415e5800 JavaThread "NettyClientWorkerThread_1" [_thread_blocked, id=24468, stack(0x000000008e0f0000,0x000000008e1f0000)]
  0x00000000415e2800 JavaThread "NettyClientSelector_1" [_thread_in_native, id=32208, stack(0x000000008dff0000,0x000000008e0f0000)]
  0x00000000415e2000 JavaThread "LatencyFaultToleranceScheduledThread" [_thread_blocked, id=40168, stack(0x000000008def0000,0x000000008dff0000)]
  0x00000000415de000 JavaThread "RebalanceService" [_thread_blocked, id=37752, stack(0x000000008ddf0000,0x000000008def0000)]
  0x00000000415e3800 JavaThread "PullMessageService" [_thread_blocked, id=25592, stack(0x000000008dcf0000,0x000000008ddf0000)]
  0x00000000415e4000 JavaThread "ClientHouseKeepingService" [_thread_blocked, id=38120, stack(0x000000008dbf0000,0x000000008dcf0000)]
  0x00000000415e5000 JavaThread "NettyEventExecutor" [_thread_blocked, id=26816, stack(0x000000008daf0000,0x000000008dbf0000)]
  0x00000000417c9000 JavaThread "CleanExpireMsgScheduledThread_dev_local%marketing_wuba_old_colliding_eliminate_queue_1" [_thread_blocked, id=29568, stack(0x000000008d9f0000,0x000000008daf0000)]
  0x00000000417c6800 JavaThread "MQClientFactoryScheduledThread" [_thread_blocked, id=31668, stack(0x000000008d8f0000,0x000000008d9f0000)]
  0x00000000417c6000 JavaThread "NettyClientPublicExecutor_4" [_thread_blocked, id=30712, stack(0x000000008d7f0000,0x000000008d8f0000)]
  0x00000000417c5000 JavaThread "NettyClientPublicExecutor_3" [_thread_blocked, id=532, stack(0x000000008d6f0000,0x000000008d7f0000)]
  0x00000000417c8000 JavaThread "NettyClientPublicExecutor_2" [_thread_blocked, id=2488, stack(0x000000008d5f0000,0x000000008d6f0000)]
  0x00000000417c7800 JavaThread "NettyClientPublicExecutor_1" [_thread_blocked, id=20508, stack(0x000000008d4f0000,0x000000008d5f0000)]
  0x00000000417bd800 JavaThread "NettyClientWorkerThread_1" [_thread_blocked, id=12220, stack(0x000000008d3f0000,0x000000008d4f0000)]
  0x00000000417c4000 JavaThread "NettyClientSelector_1" [_thread_in_native, id=32228, stack(0x000000008d2f0000,0x000000008d3f0000)]
  0x00000000417bc800 JavaThread "LatencyFaultToleranceScheduledThread" [_thread_blocked, id=25676, stack(0x000000008d1f0000,0x000000008d2f0000)]
  0x00000000417c3800 JavaThread "RebalanceService" [_thread_blocked, id=14952, stack(0x000000008d0f0000,0x000000008d1f0000)]
  0x00000000417c2000 JavaThread "PullMessageService" [_thread_blocked, id=37652, stack(0x000000008cff0000,0x000000008d0f0000)]
  0x00000000417c1000 JavaThread "ClientHouseKeepingService" [_thread_blocked, id=39404, stack(0x000000008cef0000,0x000000008cff0000)]
  0x00000000417bc000 JavaThread "NettyEventExecutor" [_thread_blocked, id=19344, stack(0x000000008cdf0000,0x000000008cef0000)]
  0x00000000417bf800 JavaThread "CleanExpireMsgScheduledThread_dev_local%Marketing_Wuba_Colliding_Eliminate_Queue_1" [_thread_blocked, id=15224, stack(0x000000008ccf0000,0x000000008cdf0000)]
  0x00000000417c2800 JavaThread "MQClientFactoryScheduledThread" [_thread_blocked, id=36164, stack(0x000000008cbf0000,0x000000008ccf0000)]
  0x00000000417bf000 JavaThread "NettyClientPublicExecutor_14" [_thread_blocked, id=40784, stack(0x000000008caf0000,0x000000008cbf0000)]
  0x00000000417c0800 JavaThread "NettyClientPublicExecutor_13" [_thread_blocked, id=34076, stack(0x000000008c9f0000,0x000000008caf0000)]
  0x00000000417be000 JavaThread "NettyClientPublicExecutor_12" [_thread_blocked, id=14300, stack(0x000000008c8f0000,0x000000008c9f0000)]
  0x00000000417b4800 JavaThread "NettyClientPublicExecutor_20" [_thread_blocked, id=30320, stack(0x000000008c7f0000,0x000000008c8f0000)]
  0x00000000417bb000 JavaThread "PullMessageServiceScheduledThread1" [_thread_blocked, id=30668, stack(0x000000008c6f0000,0x000000008c7f0000)]
  0x00000000417b9000 JavaThread "NettyClientPublicExecutor_19" [_thread_blocked, id=26884, stack(0x000000008c5f0000,0x000000008c6f0000)]
  0x00000000417b9800 JavaThread "NettyClientPublicExecutor_18" [_thread_blocked, id=38828, stack(0x000000008c4f0000,0x000000008c5f0000)]
  0x00000000417b7800 JavaThread "NettyClientPublicExecutor_17" [_thread_blocked, id=9520, stack(0x000000008c3f0000,0x000000008c4f0000)]
  0x00000000417ba800 JavaThread "NettyClientPublicExecutor_16" [_thread_blocked, id=38036, stack(0x000000008c2f0000,0x000000008c3f0000)]
  0x00000000417b6800 JavaThread "NettyClientPublicExecutor_15" [_thread_blocked, id=27420, stack(0x000000008c1f0000,0x000000008c2f0000)]
  0x00000000417b8000 JavaThread "NettyClientPublicExecutor_14" [_thread_blocked, id=26760, stack(0x000000008c0f0000,0x000000008c1f0000)]
  0x00000000417b6000 JavaThread "NettyClientPublicExecutor_13" [_thread_blocked, id=16740, stack(0x000000008bff0000,0x000000008c0f0000)]
  0x00000000417b5000 JavaThread "NettyClientPublicExecutor_12" [_thread_blocked, id=39264, stack(0x000000008bef0000,0x000000008bff0000)]
  0x00000000417ad000 JavaThread "NettyClientPublicExecutor_11" [_thread_blocked, id=27048, stack(0x000000008bdf0000,0x000000008bef0000)]
  0x00000000417b3000 JavaThread "NettyClientWorkerThread_4" [_thread_blocked, id=9036, stack(0x000000008bcf0000,0x000000008bdf0000)]
  0x00000000417b3800 JavaThread "NettyClientPublicExecutor_10" [_thread_blocked, id=4712, stack(0x000000008bbf0000,0x000000008bcf0000)]
  0x00000000417b1800 JavaThread "NettyClientPublicExecutor_9" [_thread_blocked, id=5464, stack(0x000000008baf0000,0x000000008bbf0000)]
  0x00000000417ab800 JavaThread "NettyClientPublicExecutor_8" [_thread_blocked, id=20752, stack(0x000000008b9f0000,0x000000008baf0000)]
  0x00000000417b2000 JavaThread "NettyClientPublicExecutor_7" [_thread_blocked, id=40952, stack(0x000000008b8f0000,0x000000008b9f0000)]
  0x00000000417af000 JavaThread "NettyClientWorkerThread_3" [_thread_blocked, id=24248, stack(0x000000008b7f0000,0x000000008b8f0000)]
  0x00000000417b0000 JavaThread "NettyClientPublicExecutor_6" [_thread_blocked, id=27848, stack(0x000000008b6f0000,0x000000008b7f0000)]
  0x00000000417ad800 JavaThread "NettyClientPublicExecutor_5" [_thread_blocked, id=39484, stack(0x000000008b5f0000,0x000000008b6f0000)]
  0x00000000417ac000 JavaThread "NettyClientPublicExecutor_4" [_thread_blocked, id=38504, stack(0x000000008b4f0000,0x000000008b5f0000)]
  0x00000000417ae800 JavaThread "NettyClientPublicExecutor_3" [_thread_blocked, id=38772, stack(0x000000008b3f0000,0x000000008b4f0000)]
  0x00000000417b0800 JavaThread "NettyClientWorkerThread_2" [_thread_blocked, id=40796, stack(0x000000008b2f0000,0x000000008b3f0000)]
  0x00000000417a4000 JavaThread "NettyClientPublicExecutor_2" [_thread_blocked, id=22636, stack(0x000000008b1f0000,0x000000008b2f0000)]
  0x00000000417a4800 JavaThread "NettyClientPublicExecutor_1" [_thread_blocked, id=25904, stack(0x000000008b0f0000,0x000000008b1f0000)]
  0x00000000417aa800 JavaThread "NettyClientWorkerThread_1" [_thread_blocked, id=17048, stack(0x000000008aff0000,0x000000008b0f0000)]
  0x00000000417aa000 JavaThread "NettyClientSelector_1" [_thread_in_native, id=25476, stack(0x000000008aef0000,0x000000008aff0000)]
  0x00000000417a9000 JavaThread "LatencyFaultToleranceScheduledThread" [_thread_blocked, id=15764, stack(0x000000008adf0000,0x000000008aef0000)]
  0x00000000417a8800 JavaThread "RebalanceService" [_thread_blocked, id=25932, stack(0x000000008acf0000,0x000000008adf0000)]
  0x00000000417a7800 JavaThread "PullMessageService" [_thread_blocked, id=24292, stack(0x000000008abf0000,0x000000008acf0000)]
  0x00000000417a1800 JavaThread "ClientHouseKeepingService" [_thread_blocked, id=14008, stack(0x000000008aaf0000,0x000000008abf0000)]
  0x00000000417a7000 JavaThread "NettyEventExecutor" [_thread_blocked, id=32108, stack(0x000000008a9f0000,0x000000008aaf0000)]
  0x00000000417a6000 JavaThread "CleanExpireMsgScheduledThread_dev_local%Marketing_WeiJu_Data_Clean_1" [_thread_blocked, id=16920, stack(0x000000008a8f0000,0x000000008a9f0000)]
  0x00000000417a3000 JavaThread "MQClientFactoryScheduledThread" [_thread_blocked, id=37076, stack(0x000000008a7f0000,0x000000008a8f0000)]
  0x00000000417a5800 JavaThread "ConsumeMessageThread_dev_local%Marketing_Upload_Api_UserType_Collection_1" [_thread_blocked, id=17680, stack(0x000000008a6f0000,0x000000008a7f0000)]
  0x00000000417a2800 JavaThread "NettyClientPublicExecutor_20" [_thread_blocked, id=36300, stack(0x000000008a5f0000,0x000000008a6f0000)]
  0x000000004179a000 JavaThread "NettyClientPublicExecutor_19" [_thread_blocked, id=32660, stack(0x000000008a4f0000,0x000000008a5f0000)]
  0x00000000417a1000 JavaThread "NettyClientPublicExecutor_18" [_thread_blocked, id=2732, stack(0x000000008a3f0000,0x000000008a4f0000)]
  0x000000004179f800 JavaThread "NettyClientPublicExecutor_17" [_thread_blocked, id=12176, stack(0x000000008a2f0000,0x000000008a3f0000)]
  0x0000000041799800 JavaThread "NettyClientPublicExecutor_16" [_thread_blocked, id=12908, stack(0x000000008a1f0000,0x000000008a2f0000)]
  0x000000004179e800 JavaThread "NettyClientPublicExecutor_15" [_thread_blocked, id=19104, stack(0x000000008a0f0000,0x000000008a1f0000)]
  0x000000004179d000 JavaThread "NettyClientPublicExecutor_14" [_thread_blocked, id=24080, stack(0x0000000089ff0000,0x000000008a0f0000)]
  0x00000000417a0000 JavaThread "NettyClientPublicExecutor_13" [_thread_blocked, id=12244, stack(0x0000000089ef0000,0x0000000089ff0000)]
  0x000000004179e000 JavaThread "NettyClientPublicExecutor_12" [_thread_blocked, id=17868, stack(0x0000000089df0000,0x0000000089ef0000)]
  0x000000004179c800 JavaThread "NettyClientPublicExecutor_11" [_thread_blocked, id=32480, stack(0x0000000089cf0000,0x0000000089df0000)]
  0x000000004179b000 JavaThread "NettyClientWorkerThread_4" [_thread_blocked, id=34404, stack(0x0000000089bf0000,0x0000000089cf0000)]
  0x000000004179b800 JavaThread "NettyClientPublicExecutor_10" [_thread_blocked, id=40284, stack(0x0000000089af0000,0x0000000089bf0000)]
  0x00000000417d8000 JavaThread "NettyClientPublicExecutor_9" [_thread_blocked, id=38964, stack(0x00000000899f0000,0x0000000089af0000)]
  0x00000000417d7000 JavaThread "PullMessageServiceScheduledThread1" [_thread_blocked, id=39184, stack(0x00000000898f0000,0x00000000899f0000)]
  0x00000000417d9800 JavaThread "NettyClientPublicExecutor_8" [_thread_blocked, id=9708, stack(0x00000000897f0000,0x00000000898f0000)]
  0x00000000417d6800 JavaThread "NettyClientPublicExecutor_7" [_thread_blocked, id=22836, stack(0x00000000896f0000,0x00000000897f0000)]
  0x00000000417d8800 JavaThread "NettyClientWorkerThread_3" [_thread_blocked, id=4520, stack(0x00000000895f0000,0x00000000896f0000)]
  0x00000000417d5800 JavaThread "NettyClientPublicExecutor_6" [_thread_blocked, id=30948, stack(0x00000000894f0000,0x00000000895f0000)]
  0x00000000417ce000 JavaThread "NettyClientPublicExecutor_5" [_thread_blocked, id=40808, stack(0x00000000893f0000,0x00000000894f0000)]
  0x00000000417cf000 JavaThread "NettyClientPublicExecutor_4" [_thread_blocked, id=9024, stack(0x00000000892f0000,0x00000000893f0000)]
  0x00000000417d5000 JavaThread "NettyClientPublicExecutor_3" [_thread_blocked, id=3520, stack(0x00000000891f0000,0x00000000892f0000)]
  0x00000000417cd800 JavaThread "NettyClientWorkerThread_2" [_thread_blocked, id=40004, stack(0x00000000890f0000,0x00000000891f0000)]
  0x00000000417d3800 JavaThread "NettyClientPublicExecutor_2" [_thread_blocked, id=10372, stack(0x0000000088ff0000,0x00000000890f0000)]
  0x00000000417d4000 JavaThread "NettyClientPublicExecutor_1" [_thread_blocked, id=32868, stack(0x0000000088ef0000,0x0000000088ff0000)]
  0x00000000417cc800 JavaThread "NettyClientWorkerThread_1" [_thread_blocked, id=21412, stack(0x0000000088df0000,0x0000000088ef0000)]
  0x00000000417cc000 JavaThread "NettyClientSelector_1" [_thread_in_native, id=36068, stack(0x0000000088cf0000,0x0000000088df0000)]
  0x00000000417d2000 JavaThread "LatencyFaultToleranceScheduledThread" [_thread_blocked, id=13816, stack(0x0000000088bf0000,0x0000000088cf0000)]
  0x00000000417d1000 JavaThread "RebalanceService" [_thread_blocked, id=28640, stack(0x0000000088af0000,0x0000000088bf0000)]
  0x00000000417d2800 JavaThread "PullMessageService" [_thread_blocked, id=30728, stack(0x00000000889f0000,0x0000000088af0000)]
  0x00000000417c9800 JavaThread "ClientHouseKeepingService" [_thread_blocked, id=13324, stack(0x00000000888f0000,0x00000000889f0000)]
  0x00000000417cf800 JavaThread "NettyEventExecutor" [_thread_blocked, id=32560, stack(0x00000000887f0000,0x00000000888f0000)]
  0x00000000417d0800 JavaThread "CleanExpireMsgScheduledThread_dev_local%Marketing_Upload_Api_UserType_Collection_1" [_thread_blocked, id=2208, stack(0x00000000886f0000,0x00000000887f0000)]
  0x00000000417cb000 JavaThread "MQClientFactoryScheduledThread" [_thread_blocked, id=40924, stack(0x00000000885f0000,0x00000000886f0000)]
  0x00000000417ca800 JavaThread "NettyClientPublicExecutor_20" [_thread_blocked, id=21712, stack(0x00000000884f0000,0x00000000885f0000)]
  0x000000004171c800 JavaThread "NettyClientPublicExecutor_19" [_thread_blocked, id=27736, stack(0x00000000883f0000,0x00000000884f0000)]
  0x000000004171b000 JavaThread "NettyClientPublicExecutor_18" [_thread_blocked, id=15004, stack(0x00000000882f0000,0x00000000883f0000)]
  0x0000000041719800 JavaThread "NettyClientPublicExecutor_17" [_thread_blocked, id=15436, stack(0x00000000881f0000,0x00000000882f0000)]
  0x000000004171a000 JavaThread "NettyClientPublicExecutor_16" [_thread_blocked, id=22600, stack(0x00000000880f0000,0x00000000881f0000)]
  0x0000000041718800 JavaThread "NettyClientPublicExecutor_15" [_thread_blocked, id=21528, stack(0x0000000087ff0000,0x00000000880f0000)]
  0x000000004171b800 JavaThread "NettyClientPublicExecutor_14" [_thread_blocked, id=21748, stack(0x0000000087ef0000,0x0000000087ff0000)]
  0x0000000041711000 JavaThread "NettyClientPublicExecutor_13" [_thread_blocked, id=39952, stack(0x0000000087df0000,0x0000000087ef0000)]
  0x0000000041717800 JavaThread "NettyClientPublicExecutor_12" [_thread_blocked, id=17244, stack(0x0000000087cf0000,0x0000000087df0000)]
  0x0000000041717000 JavaThread "NettyClientPublicExecutor_11" [_thread_blocked, id=26864, stack(0x0000000087bf0000,0x0000000087cf0000)]
  0x0000000041716000 JavaThread "NettyClientWorkerThread_4" [_thread_blocked, id=27404, stack(0x0000000087af0000,0x0000000087bf0000)]
  0x000000004170f800 JavaThread "NettyClientPublicExecutor_10" [_thread_blocked, id=33856, stack(0x00000000879f0000,0x0000000087af0000)]
  0x0000000041715800 JavaThread "NettyClientPublicExecutor_9" [_thread_blocked, id=5436, stack(0x00000000878f0000,0x00000000879f0000)]
  0x0000000041714800 JavaThread "PullMessageServiceScheduledThread1" [_thread_blocked, id=22944, stack(0x00000000877f0000,0x00000000878f0000)]
  0x0000000041710000 JavaThread "NettyClientPublicExecutor_8" [_thread_blocked, id=13660, stack(0x00000000876f0000,0x00000000877f0000)]
  0x000000004170d000 JavaThread "NettyClientPublicExecutor_7" [_thread_blocked, id=13560, stack(0x00000000875f0000,0x00000000876f0000)]
  0x0000000041712800 JavaThread "NettyClientPublicExecutor_6" [_thread_blocked, id=14696, stack(0x00000000874f0000,0x00000000875f0000)]
  0x000000004170e000 JavaThread "NettyClientWorkerThread_3" [_thread_blocked, id=15868, stack(0x00000000873f0000,0x00000000874f0000)]
  0x000000004170e800 JavaThread "NettyClientPublicExecutor_5" [_thread_blocked, id=324, stack(0x00000000872f0000,0x00000000873f0000)]
  0x0000000041713000 JavaThread "NettyClientPublicExecutor_4" [_thread_blocked, id=25504, stack(0x00000000871f0000,0x00000000872f0000)]
  0x0000000041711800 JavaThread "NettyClientPublicExecutor_3" [_thread_blocked, id=17336, stack(0x00000000870f0000,0x00000000871f0000)]
  0x0000000041714000 JavaThread "NettyClientWorkerThread_2" [_thread_blocked, id=33744, stack(0x0000000086ff0000,0x00000000870f0000)]
  0x000000004170b800 JavaThread "NettyClientPublicExecutor_2" [_thread_blocked, id=8596, stack(0x0000000086ef0000,0x0000000086ff0000)]
  0x000000004170c800 JavaThread "NettyClientPublicExecutor_1" [_thread_blocked, id=19848, stack(0x0000000086df0000,0x0000000086ef0000)]
  0x000000004170b000 JavaThread "NettyClientWorkerThread_1" [_thread_blocked, id=13624, stack(0x0000000086cf0000,0x0000000086df0000)]
  0x0000000041706800 JavaThread "NettyClientSelector_1" [_thread_in_native, id=28228, stack(0x0000000086bf0000,0x0000000086cf0000)]
  0x000000004170a000 JavaThread "LatencyFaultToleranceScheduledThread" [_thread_blocked, id=35960, stack(0x0000000086af0000,0x0000000086bf0000)]
  0x0000000041708800 JavaThread "RebalanceService" [_thread_blocked, id=9208, stack(0x00000000869f0000,0x0000000086af0000)]
  0x0000000041708000 JavaThread "PullMessageService" [_thread_blocked, id=28384, stack(0x00000000868f0000,0x00000000869f0000)]
  0x0000000041707000 JavaThread "ClientHouseKeepingService" [_thread_blocked, id=38020, stack(0x00000000867f0000,0x00000000868f0000)]
  0x0000000041709800 JavaThread "NettyEventExecutor" [_thread_blocked, id=28944, stack(0x00000000866f0000,0x00000000867f0000)]
  0x0000000041700800 JavaThread "CleanExpireMsgScheduledThread_dev_local%Marketing_Universal_SftpToDb_XieChengReceive_1" [_thread_blocked, id=26204, stack(0x00000000865f0000,0x00000000866f0000)]
  0x00000000416ff000 JavaThread "MQClientFactoryScheduledThread" [_thread_blocked, id=22516, stack(0x00000000342e0000,0x00000000343e0000)]
  0x0000000041705800 JavaThread "NettyClientPublicExecutor_20" [_thread_blocked, id=37628, stack(0x00000000864f0000,0x00000000865f0000)]
  0x00000000416fe000 JavaThread "PullMessageServiceScheduledThread1" [_thread_blocked, id=32552, stack(0x00000000863f0000,0x00000000864f0000)]
  0x00000000416ff800 JavaThread "NettyClientPublicExecutor_19" [_thread_blocked, id=29784, stack(0x00000000862f0000,0x00000000863f0000)]
  0x0000000041705000 JavaThread "NettyClientPublicExecutor_18" [_thread_blocked, id=38968, stack(0x00000000861f0000,0x00000000862f0000)]
  0x0000000041704000 JavaThread "NettyClientPublicExecutor_17" [_thread_blocked, id=11844, stack(0x00000000860f0000,0x00000000861f0000)]
  0x0000000041703800 JavaThread "NettyClientPublicExecutor_16" [_thread_blocked, id=9572, stack(0x0000000085ff0000,0x00000000860f0000)]
  0x00000000416fc800 JavaThread "NettyClientPublicExecutor_15" [_thread_blocked, id=17036, stack(0x0000000085ef0000,0x0000000085ff0000)]
  0x00000000416fd800 JavaThread "NettyClientPublicExecutor_14" [_thread_blocked, id=37220, stack(0x0000000085df0000,0x0000000085ef0000)]
  0x0000000041702000 JavaThread "NettyClientPublicExecutor_13" [_thread_blocked, id=35924, stack(0x0000000085cf0000,0x0000000085df0000)]
  0x0000000041702800 JavaThread "NettyClientPublicExecutor_12" [_thread_blocked, id=14364, stack(0x0000000085bf0000,0x0000000085cf0000)]
  0x0000000041701000 JavaThread "NettyClientPublicExecutor_11" [_thread_blocked, id=4324, stack(0x0000000085af0000,0x0000000085bf0000)]
  0x00000000416f5000 JavaThread "NettyClientPublicExecutor_10" [_thread_blocked, id=18648, stack(0x00000000859f0000,0x0000000085af0000)]
  0x00000000416fc000 JavaThread "NettyClientWorkerThread_4" [_thread_blocked, id=33300, stack(0x00000000858f0000,0x00000000859f0000)]
  0x00000000416f4800 JavaThread "NettyClientPublicExecutor_9" [_thread_blocked, id=40500, stack(0x00000000857f0000,0x00000000858f0000)]
  0x00000000416f8000 JavaThread "NettyClientPublicExecutor_8" [_thread_blocked, id=12292, stack(0x00000000856f0000,0x00000000857f0000)]
  0x00000000416fb000 JavaThread "NettyClientPublicExecutor_7" [_thread_blocked, id=3680, stack(0x00000000855f0000,0x00000000856f0000)]
  0x00000000416fa800 JavaThread "NettyClientWorkerThread_3" [_thread_blocked, id=16036, stack(0x00000000854f0000,0x00000000855f0000)]
  0x00000000416f7800 JavaThread "NettyClientPublicExecutor_6" [_thread_blocked, id=24820, stack(0x00000000853f0000,0x00000000854f0000)]
  0x00000000416f6800 JavaThread "NettyClientPublicExecutor_5" [_thread_blocked, id=32376, stack(0x00000000852f0000,0x00000000853f0000)]
  0x00000000416f9000 JavaThread "NettyClientPublicExecutor_4" [_thread_blocked, id=6484, stack(0x00000000851f0000,0x00000000852f0000)]
  0x00000000416f9800 JavaThread "NettyClientPublicExecutor_3" [_thread_blocked, id=34124, stack(0x00000000850f0000,0x00000000851f0000)]
  0x00000000416f6000 JavaThread "NettyClientWorkerThread_2" [_thread_blocked, id=11796, stack(0x0000000084ff0000,0x00000000850f0000)]
  0x00000000416ed800 JavaThread "NettyClientPublicExecutor_2" [_thread_blocked, id=38860, stack(0x0000000084ef0000,0x0000000084ff0000)]
  0x00000000416ee800 JavaThread "NettyClientPublicExecutor_1" [_thread_blocked, id=28164, stack(0x0000000084df0000,0x0000000084ef0000)]
  0x00000000416ed000 JavaThread "NettyClientWorkerThread_1" [_thread_blocked, id=28636, stack(0x0000000084cf0000,0x0000000084df0000)]
  0x00000000416f3800 JavaThread "NettyClientSelector_1" [_thread_in_native, id=35604, stack(0x0000000084bf0000,0x0000000084cf0000)]
  0x00000000416f1800 JavaThread "LatencyFaultToleranceScheduledThread" [_thread_blocked, id=37360, stack(0x0000000084af0000,0x0000000084bf0000)]
  0x00000000416f3000 JavaThread "RebalanceService" [_thread_blocked, id=24752, stack(0x00000000849f0000,0x0000000084af0000)]
  0x00000000416f0800 JavaThread "PullMessageService" [_thread_blocked, id=27232, stack(0x00000000848f0000,0x00000000849f0000)]
  0x00000000416f2000 JavaThread "ClientHouseKeepingService" [_thread_blocked, id=26064, stack(0x00000000847f0000,0x00000000848f0000)]
  0x00000000416e9000 JavaThread "NettyEventExecutor" [_thread_blocked, id=36732, stack(0x00000000846f0000,0x00000000847f0000)]
  0x00000000416f0000 JavaThread "CleanExpireMsgScheduledThread_dev_local%Marketing_Transfer_Receive_Small_1" [_thread_blocked, id=22220, stack(0x00000000845f0000,0x00000000846f0000)]
  0x00000000416eb800 JavaThread "MQClientFactoryScheduledThread" [_thread_blocked, id=16540, stack(0x00000000844f0000,0x00000000845f0000)]
  0x00000000416ef000 JavaThread "NettyClientPublicExecutor_20" [_thread_blocked, id=21408, stack(0x00000000843f0000,0x00000000844f0000)]
  0x00000000416e8800 JavaThread "PullMessageServiceScheduledThread1" [_thread_blocked, id=24912, stack(0x00000000842f0000,0x00000000843f0000)]
  0x00000000416ea000 JavaThread "NettyClientPublicExecutor_19" [_thread_blocked, id=29452, stack(0x00000000841f0000,0x00000000842f0000)]
  0x00000000416e6800 JavaThread "NettyClientPublicExecutor_18" [_thread_blocked, id=39848, stack(0x0000000083cf0000,0x0000000083df0000)]
  0x00000000416ec000 JavaThread "NettyClientPublicExecutor_17" [_thread_blocked, id=39436, stack(0x0000000083bf0000,0x0000000083cf0000)]
  0x00000000416ea800 JavaThread "NettyClientPublicExecutor_16" [_thread_blocked, id=34064, stack(0x0000000083af0000,0x0000000083bf0000)]
  0x00000000416e6000 JavaThread "NettyClientPublicExecutor_15" [_thread_blocked, id=13768, stack(0x00000000839f0000,0x0000000083af0000)]
  0x00000000416e7800 JavaThread "NettyClientPublicExecutor_14" [_thread_blocked, id=26324, stack(0x00000000838f0000,0x00000000839f0000)]
  0x00000000416df000 JavaThread "NettyClientPublicExecutor_13" [_thread_blocked, id=32168, stack(0x00000000837f0000,0x00000000838f0000)]
  0x00000000416de800 JavaThread "NettyClientPublicExecutor_12" [_thread_blocked, id=33424, stack(0x00000000836f0000,0x00000000837f0000)]
  0x00000000416e5000 JavaThread "NettyClientWorkerThread_4" [_thread_blocked, id=40692, stack(0x00000000835f0000,0x00000000836f0000)]
  0x00000000416e3000 JavaThread "NettyClientPublicExecutor_11" [_thread_blocked, id=39712, stack(0x00000000834f0000,0x00000000835f0000)]
  0x00000000416e2000 JavaThread "NettyClientPublicExecutor_10" [_thread_blocked, id=2364, stack(0x00000000833f0000,0x00000000834f0000)]
  0x00000000416dd800 JavaThread "NettyClientPublicExecutor_9" [_thread_blocked, id=23708, stack(0x00000000832f0000,0x00000000833f0000)]
  0x00000000416e4800 JavaThread "NettyClientPublicExecutor_8" [_thread_blocked, id=39524, stack(0x00000000831f0000,0x00000000832f0000)]
  0x00000000416e0800 JavaThread "NettyClientPublicExecutor_7" [_thread_blocked, id=39664, stack(0x00000000830f0000,0x00000000831f0000)]
  0x00000000416e1800 JavaThread "NettyClientWorkerThread_3" [_thread_blocked, id=33432, stack(0x0000000082ff0000,0x00000000830f0000)]
  0x00000000416dd000 JavaThread "NettyClientPublicExecutor_6" [_thread_blocked, id=31932, stack(0x0000000082ef0000,0x0000000082ff0000)]
  0x00000000416e0000 JavaThread "NettyClientPublicExecutor_5" [_thread_blocked, id=38088, stack(0x0000000082df0000,0x0000000082ef0000)]
  0x00000000416e3800 JavaThread "NettyClientPublicExecutor_4" [_thread_blocked, id=39396, stack(0x0000000082cf0000,0x0000000082df0000)]
  0x0000000035d4f000 JavaThread "NettyClientPublicExecutor_3" [_thread_blocked, id=40056, stack(0x0000000082bf0000,0x0000000082cf0000)]
  0x00000000419c4800 JavaThread "NettyClientWorkerThread_2" [_thread_blocked, id=13864, stack(0x0000000082af0000,0x0000000082bf0000)]
  0x00000000419c3800 JavaThread "NettyClientPublicExecutor_2" [_thread_blocked, id=36920, stack(0x00000000829f0000,0x0000000082af0000)]
  0x00000000419c5000 JavaThread "NettyClientPublicExecutor_1" [_thread_blocked, id=26996, stack(0x00000000828f0000,0x00000000829f0000)]
  0x00000000419c3000 JavaThread "NettyClientWorkerThread_1" [_thread_blocked, id=38656, stack(0x00000000827f0000,0x00000000828f0000)]
  0x00000000419c6000 JavaThread "NettyClientSelector_1" [_thread_in_native, id=37052, stack(0x00000000826f0000,0x00000000827f0000)]
  0x00000000419c1800 JavaThread "LatencyFaultToleranceScheduledThread" [_thread_blocked, id=36812, stack(0x00000000825f0000,0x00000000826f0000)]
  0x00000000419c2000 JavaThread "RebalanceService" [_thread_blocked, id=40944, stack(0x00000000824f0000,0x00000000825f0000)]
  0x00000000419ba800 JavaThread "PullMessageService" [_thread_blocked, id=38496, stack(0x00000000823f0000,0x00000000824f0000)]
  0x00000000419b9800 JavaThread "ClientHouseKeepingService" [_thread_blocked, id=29952, stack(0x00000000822f0000,0x00000000823f0000)]
  0x00000000419c0800 JavaThread "NettyEventExecutor" [_thread_blocked, id=40164, stack(0x00000000821f0000,0x00000000822f0000)]
  0x00000000419b9000 JavaThread "CleanExpireMsgScheduledThread_dev_local%Marketing_Transfer_Receive_Emergency_1" [_thread_blocked, id=26352, stack(0x00000000820f0000,0x00000000821f0000)]
  0x00000000419bf800 JavaThread "MQClientFactoryScheduledThread" [_thread_blocked, id=39732, stack(0x0000000042310000,0x0000000042410000)]
  0x00000000419bf000 JavaThread "NettyClientPublicExecutor_20" [_thread_blocked, id=19272, stack(0x0000000081ff0000,0x00000000820f0000)]
  0x00000000419be000 JavaThread "PullMessageServiceScheduledThread1" [_thread_blocked, id=36008, stack(0x0000000081ef0000,0x0000000081ff0000)]
  0x00000000419bd800 JavaThread "NettyClientPublicExecutor_19" [_thread_blocked, id=24088, stack(0x0000000081df0000,0x0000000081ef0000)]
  0x00000000419bc000 JavaThread "NettyClientPublicExecutor_18" [_thread_blocked, id=28856, stack(0x0000000081cf0000,0x0000000081df0000)]
  0x00000000419bc800 JavaThread "NettyClientPublicExecutor_17" [_thread_blocked, id=38344, stack(0x0000000081bf0000,0x0000000081cf0000)]
  0x00000000419b7800 JavaThread "NettyClientPublicExecutor_16" [_thread_blocked, id=23160, stack(0x0000000081af0000,0x0000000081bf0000)]
  0x00000000419bb000 JavaThread "NettyClientPublicExecutor_15" [_thread_blocked, id=24992, stack(0x00000000819f0000,0x0000000081af0000)]
  0x00000000419b8000 JavaThread "NettyClientPublicExecutor_14" [_thread_blocked, id=38288, stack(0x00000000818f0000,0x00000000819f0000)]
  0x00000000419b0000 JavaThread "NettyClientPublicExecutor_13" [_thread_blocked, id=38440, stack(0x00000000817f0000,0x00000000818f0000)]
  0x00000000419b6800 JavaThread "NettyClientPublicExecutor_12" [_thread_blocked, id=27384, stack(0x00000000816f0000,0x00000000817f0000)]
  0x00000000419b4800 JavaThread "NettyClientPublicExecutor_11" [_thread_blocked, id=27200, stack(0x00000000815f0000,0x00000000816f0000)]
  0x00000000419b3800 JavaThread "NettyClientPublicExecutor_10" [_thread_blocked, id=23564, stack(0x00000000814f0000,0x00000000815f0000)]
  0x00000000419b6000 JavaThread "NettyClientWorkerThread_4" [_thread_blocked, id=17108, stack(0x00000000813f0000,0x00000000814f0000)]
  0x00000000419b0800 JavaThread "NettyClientPublicExecutor_9" [_thread_blocked, id=32848, stack(0x00000000812f0000,0x00000000813f0000)]
  0x00000000419b2000 JavaThread "NettyClientPublicExecutor_8" [_thread_blocked, id=10652, stack(0x00000000811f0000,0x00000000812f0000)]
  0x00000000419b5000 JavaThread "NettyClientPublicExecutor_7" [_thread_blocked, id=31428, stack(0x00000000810f0000,0x00000000811f0000)]
  0x00000000419b1800 JavaThread "NettyClientWorkerThread_3" [_thread_blocked, id=38308, stack(0x0000000080ff0000,0x00000000810f0000)]
  0x00000000419b3000 JavaThread "NettyClientPublicExecutor_6" [_thread_blocked, id=40096, stack(0x0000000080ef0000,0x0000000080ff0000)]
  0x00000000419a8800 JavaThread "NettyClientPublicExecutor_5" [_thread_blocked, id=13496, stack(0x0000000080df0000,0x0000000080ef0000)]
  0x00000000419af000 JavaThread "NettyClientPublicExecutor_4" [_thread_blocked, id=20084, stack(0x0000000080cf0000,0x0000000080df0000)]
  0x00000000419a7800 JavaThread "NettyClientPublicExecutor_3" [_thread_blocked, id=31448, stack(0x0000000080bf0000,0x0000000080cf0000)]
  0x00000000419ae800 JavaThread "NettyClientWorkerThread_2" [_thread_blocked, id=31856, stack(0x0000000080af0000,0x0000000080bf0000)]
  0x00000000419a7000 JavaThread "NettyClientPublicExecutor_2" [_thread_blocked, id=37636, stack(0x00000000809f0000,0x0000000080af0000)]
  0x00000000419a9000 JavaThread "NettyClientPublicExecutor_1" [_thread_blocked, id=40028, stack(0x00000000808f0000,0x00000000809f0000)]
  0x00000000419ad800 JavaThread "NettyClientWorkerThread_1" [_thread_blocked, id=17188, stack(0x00000000807f0000,0x00000000808f0000)]
  0x00000000419ad000 JavaThread "NettyClientSelector_1" [_thread_in_native, id=27416, stack(0x00000000806f0000,0x00000000807f0000)]
  0x00000000419ac000 JavaThread "LatencyFaultToleranceScheduledThread" [_thread_blocked, id=40204, stack(0x00000000805f0000,0x00000000806f0000)]
  0x00000000419ab800 JavaThread "RebalanceService" [_thread_blocked, id=39572, stack(0x00000000804f0000,0x00000000805f0000)]
  0x00000000419aa800 JavaThread "PullMessageService" [_thread_blocked, id=36728, stack(0x00000000803f0000,0x00000000804f0000)]
  0x00000000419aa000 JavaThread "ClientHouseKeepingService" [_thread_blocked, id=29804, stack(0x00000000802f0000,0x00000000803f0000)]
  0x000000004199f800 JavaThread "NettyEventExecutor" [_thread_blocked, id=26640, stack(0x00000000801f0000,0x00000000802f0000)]
  0x00000000419a4800 JavaThread "CleanExpireMsgScheduledThread_dev_local%Marketing_Transfer_Receive_1" [_thread_blocked, id=26040, stack(0x00000000800f0000,0x00000000801f0000)]
  0x00000000419a3000 JavaThread "MQClientFactoryScheduledThread" [_thread_blocked, id=38532, stack(0x000000007fff0000,0x00000000800f0000)]
  0x00000000419a6000 JavaThread "NettyClientPublicExecutor_20" [_thread_blocked, id=40300, stack(0x0000000000410000,0x0000000000510000)]
  0x00000000419a5800 JavaThread "NettyClientPublicExecutor_19" [_thread_blocked, id=28732, stack(0x0000000000310000,0x0000000000410000)]
  0x00000000419a0000 JavaThread "NettyClientPublicExecutor_18" [_thread_blocked, id=24672, stack(0x0000000000210000,0x0000000000310000)]
  0x00000000419a2800 JavaThread "NettyClientPublicExecutor_17" [_thread_blocked, id=27456, stack(0x0000000000110000,0x0000000000210000)]
  0x00000000419a1000 JavaThread "NettyClientPublicExecutor_16" [_thread_blocked, id=26284, stack(0x0000000000010000,0x0000000000110000)]
  0x00000000419a4000 JavaThread "NettyClientPublicExecutor_15" [_thread_blocked, id=25424, stack(0x000000007fe00000,0x000000007ff00000)]
  0x00000000419a1800 JavaThread "NettyClientPublicExecutor_14" [_thread_blocked, id=19404, stack(0x000000007fd00000,0x000000007fe00000)]
  0x0000000041999800 JavaThread "NettyClientPublicExecutor_13" [_thread_blocked, id=27852, stack(0x000000007fc00000,0x000000007fd00000)]
  0x000000004199e800 JavaThread "NettyClientPublicExecutor_12" [_thread_blocked, id=32840, stack(0x000000007fb00000,0x000000007fc00000)]
  0x000000004199a000 JavaThread "NettyClientPublicExecutor_11" [_thread_blocked, id=26944, stack(0x000000007fa00000,0x000000007fb00000)]
  0x000000004199d000 JavaThread "PullMessageServiceScheduledThread1" [_thread_blocked, id=37908, stack(0x000000007f900000,0x000000007fa00000)]
  0x000000004199e000 JavaThread "NettyClientPublicExecutor_10" [_thread_blocked, id=35592, stack(0x000000007f800000,0x000000007f900000)]
  0x000000004199b800 JavaThread "NettyClientWorkerThread_4" [_thread_blocked, id=12060, stack(0x000000007f700000,0x000000007f800000)]
  0x000000004199c800 JavaThread "NettyClientPublicExecutor_9" [_thread_blocked, id=33196, stack(0x000000007f600000,0x000000007f700000)]
  0x0000000041995000 JavaThread "NettyClientPublicExecutor_8" [_thread_blocked, id=2060, stack(0x000000007f500000,0x000000007f600000)]
  0x0000000041998800 JavaThread "NettyClientPublicExecutor_7" [_thread_blocked, id=14248, stack(0x000000007f400000,0x000000007f500000)]
  0x0000000041998000 JavaThread "NettyClientWorkerThread_3" [_thread_blocked, id=23480, stack(0x000000007f300000,0x000000007f400000)]
  0x0000000041995800 JavaThread "NettyClientPublicExecutor_6" [_thread_blocked, id=18108, stack(0x000000007f200000,0x000000007f300000)]
  0x000000004199b000 JavaThread "NettyClientPublicExecutor_5" [_thread_blocked, id=3568, stack(0x000000007f100000,0x000000007f200000)]
  0x0000000041992800 JavaThread "NettyClientPublicExecutor_4" [_thread_blocked, id=18600, stack(0x000000007f000000,0x000000007f100000)]
  0x0000000041990800 JavaThread "NettyClientPublicExecutor_3" [_thread_blocked, id=37136, stack(0x000000007ef00000,0x000000007f000000)]
  0x0000000041994000 JavaThread "NettyClientWorkerThread_2" [_thread_blocked, id=26272, stack(0x000000007ee00000,0x000000007ef00000)]
  0x0000000041993800 JavaThread "NettyClientPublicExecutor_2" [_thread_blocked, id=38692, stack(0x000000007ed00000,0x000000007ee00000)]
  0x0000000041997000 JavaThread "NettyClientPublicExecutor_1" [_thread_blocked, id=19836, stack(0x000000007ec00000,0x000000007ed00000)]
  0x0000000041992000 JavaThread "NettyClientWorkerThread_1" [_thread_blocked, id=22024, stack(0x000000007eb00000,0x000000007ec00000)]
  0x0000000041996800 JavaThread "NettyClientSelector_1" [_thread_in_native, id=19520, stack(0x000000007ea00000,0x000000007eb00000)]
  0x0000000041991000 JavaThread "LatencyFaultToleranceScheduledThread" [_thread_blocked, id=35612, stack(0x000000007e900000,0x000000007ea00000)]
  0x0000000041988800 JavaThread "RebalanceService" [_thread_blocked, id=1060, stack(0x000000007e800000,0x000000007e900000)]
  0x000000004198f800 JavaThread "PullMessageService" [_thread_blocked, id=36340, stack(0x000000007e700000,0x000000007e800000)]
  0x0000000041988000 JavaThread "ClientHouseKeepingService" [_thread_blocked, id=27792, stack(0x000000007e600000,0x000000007e700000)]
  0x000000004198e800 JavaThread "NettyEventExecutor" [_thread_blocked, id=37520, stack(0x000000007e500000,0x000000007e600000)]
  0x000000004198e000 JavaThread "CleanExpireMsgScheduledThread_dev_local%Marketing_Transfer_Api_UserType_Collection_1" [_thread_blocked, id=2360, stack(0x000000007e400000,0x000000007e500000)]
  0x000000004198d000 JavaThread "MQClientFactoryScheduledThread" [_thread_blocked, id=20956, stack(0x000000007e100000,0x000000007e200000)]
  0x000000004198c800 JavaThread "NettyClientPublicExecutor_11" [_thread_blocked, id=32648, stack(0x000000007e000000,0x000000007e100000)]
  0x0000000041987000 JavaThread "NettyClientPublicExecutor_10" [_thread_blocked, id=32096, stack(0x000000007df00000,0x000000007e000000)]
  0x000000004198a000 JavaThread "NettyClientPublicExecutor_9" [_thread_blocked, id=20564, stack(0x000000007de00000,0x000000007df00000)]
  0x000000004198b800 JavaThread "NettyClientPublicExecutor_20" [_thread_blocked, id=16328, stack(0x000000007dd00000,0x000000007de00000)]
  0x000000004198b000 JavaThread "PullMessageServiceScheduledThread1" [_thread_blocked, id=15628, stack(0x000000007dc00000,0x000000007dd00000)]
  0x0000000041989800 JavaThread "NettyClientPublicExecutor_19" [_thread_blocked, id=37252, stack(0x000000007db00000,0x000000007dc00000)]
  0x00000000366f4000 JavaThread "NettyClientPublicExecutor_18" [_thread_blocked, id=30148, stack(0x000000007da00000,0x000000007db00000)]
  0x00000000366f3800 JavaThread "NettyClientPublicExecutor_17" [_thread_blocked, id=25948, stack(0x000000007d900000,0x000000007da00000)]
  0x00000000366f5800 JavaThread "NettyClientPublicExecutor_16" [_thread_blocked, id=29368, stack(0x000000007d800000,0x000000007d900000)]
  0x00000000366f5000 JavaThread "NettyClientPublicExecutor_15" [_thread_blocked, id=33484, stack(0x000000007d700000,0x000000007d800000)]
  0x00000000366f6800 JavaThread "NettyClientPublicExecutor_14" [_thread_blocked, id=33736, stack(0x000000007d600000,0x000000007d700000)]
  0x00000000366f2000 JavaThread "NettyClientPublicExecutor_13" [_thread_blocked, id=29124, stack(0x000000007d500000,0x000000007d600000)]
  0x00000000366f7000 JavaThread "NettyClientPublicExecutor_12" [_thread_blocked, id=30684, stack(0x000000007d400000,0x000000007d500000)]
  0x00000000366f2800 JavaThread "NettyClientWorkerThread_4" [_thread_blocked, id=27364, stack(0x000000007d300000,0x000000007d400000)]
  0x00000000366f8000 JavaThread "NettyClientPublicExecutor_11" [_thread_blocked, id=16088, stack(0x000000007d200000,0x000000007d300000)]
  0x00000000366ea000 JavaThread "NettyClientPublicExecutor_10" [_thread_blocked, id=31924, stack(0x000000007d100000,0x000000007d200000)]
  0x00000000366f1000 JavaThread "NettyClientPublicExecutor_9" [_thread_blocked, id=25844, stack(0x000000007d000000,0x000000007d100000)]
  0x00000000366ef800 JavaThread "NettyClientPublicExecutor_8" [_thread_blocked, id=27460, stack(0x000000007cf00000,0x000000007d000000)]
  0x00000000366ee000 JavaThread "NettyClientPublicExecutor_7" [_thread_blocked, id=33292, stack(0x000000007ce00000,0x000000007cf00000)]
  0x00000000366f0800 JavaThread "NettyClientWorkerThread_3" [_thread_blocked, id=13972, stack(0x000000007cd00000,0x000000007ce00000)]
  0x00000000366ec000 JavaThread "NettyClientPublicExecutor_6" [_thread_blocked, id=15876, stack(0x000000007cc00000,0x000000007cd00000)]
  0x00000000366eb000 JavaThread "NettyClientPublicExecutor_5" [_thread_blocked, id=38408, stack(0x000000007cb00000,0x000000007cc00000)]
  0x00000000366ed800 JavaThread "NettyClientPublicExecutor_4" [_thread_blocked, id=25840, stack(0x000000007ca00000,0x000000007cb00000)]
  0x00000000366ec800 JavaThread "NettyClientPublicExecutor_3" [_thread_blocked, id=14292, stack(0x000000007c900000,0x000000007ca00000)]
  0x00000000366e9800 JavaThread "NettyClientWorkerThread_2" [_thread_blocked, id=34704, stack(0x000000007c800000,0x000000007c900000)]
  0x00000000366ef000 JavaThread "NettyClientPublicExecutor_2" [_thread_blocked, id=39364, stack(0x000000007c700000,0x000000007c800000)]
  0x00000000366e7000 JavaThread "NettyClientPublicExecutor_1" [_thread_blocked, id=38476, stack(0x000000007c600000,0x000000007c700000)]
  0x00000000366e8800 JavaThread "NettyClientWorkerThread_1" [_thread_blocked, id=22916, stack(0x000000007c500000,0x000000007c600000)]
  0x00000000366e5000 JavaThread "NettyClientSelector_1" [_thread_in_native, id=40176, stack(0x000000007c400000,0x000000007c500000)]
  0x00000000366e1000 JavaThread "LatencyFaultToleranceScheduledThread" [_thread_blocked, id=26160, stack(0x000000007c300000,0x000000007c400000)]
  0x00000000366e6800 JavaThread "RebalanceService" [_thread_blocked, id=37792, stack(0x000000007c200000,0x000000007c300000)]
  0x00000000366e4000 JavaThread "PullMessageService" [_thread_blocked, id=31148, stack(0x000000007c100000,0x000000007c200000)]
  0x00000000366e5800 JavaThread "ClientHouseKeepingService" [_thread_blocked, id=16932, stack(0x000000007c000000,0x000000007c100000)]
  0x00000000366e2000 JavaThread "NettyEventExecutor" [_thread_blocked, id=9716, stack(0x000000007bf00000,0x000000007c000000)]
  0x00000000366e8000 JavaThread "CleanExpireMsgScheduledThread_dev_local%Marketing_Send_UserType_Message_Delay_Queue_1" [_thread_blocked, id=11512, stack(0x000000007be00000,0x000000007bf00000)]
  0x00000000366e0800 JavaThread "MQClientFactoryScheduledThread" [_thread_blocked, id=40584, stack(0x000000007bd00000,0x000000007be00000)]
  0x00000000366e3800 JavaThread "NettyClientPublicExecutor_20" [_thread_blocked, id=27388, stack(0x000000007bc00000,0x000000007bd00000)]
  0x00000000366e2800 JavaThread "PullMessageServiceScheduledThread1" [_thread_blocked, id=9884, stack(0x000000007bb00000,0x000000007bc00000)]
  0x00000000366d9000 JavaThread "NettyClientPublicExecutor_19" [_thread_blocked, id=24048, stack(0x000000007ba00000,0x000000007bb00000)]
  0x00000000366df000 JavaThread "NettyClientPublicExecutor_18" [_thread_blocked, id=40260, stack(0x000000007b900000,0x000000007ba00000)]
  0x00000000366df800 JavaThread "NettyClientPublicExecutor_17" [_thread_blocked, id=32960, stack(0x000000007b800000,0x000000007b900000)]
  0x00000000366d8000 JavaThread "NettyClientPublicExecutor_16" [_thread_blocked, id=35560, stack(0x000000007b700000,0x000000007b800000)]
  0x00000000366dd800 JavaThread "NettyClientPublicExecutor_15" [_thread_blocked, id=17520, stack(0x000000007b600000,0x000000007b700000)]
  0x00000000366d7800 JavaThread "NettyClientPublicExecutor_14" [_thread_blocked, id=11696, stack(0x000000007b500000,0x000000007b600000)]
  0x00000000366de000 JavaThread "NettyClientPublicExecutor_13" [_thread_blocked, id=14412, stack(0x000000007b400000,0x000000007b500000)]
  0x00000000366db000 JavaThread "NettyClientPublicExecutor_12" [_thread_blocked, id=28492, stack(0x000000007b300000,0x000000007b400000)]
  0x00000000366d6800 JavaThread "NettyClientPublicExecutor_11" [_thread_blocked, id=17524, stack(0x000000007b200000,0x000000007b300000)]
  0x00000000366d6000 JavaThread "NettyClientPublicExecutor_10" [_thread_blocked, id=23352, stack(0x000000007b100000,0x000000007b200000)]
  0x00000000366dc800 JavaThread "NettyClientWorkerThread_4" [_thread_blocked, id=8056, stack(0x000000007b000000,0x000000007b100000)]
  0x00000000366da800 JavaThread "NettyClientPublicExecutor_9" [_thread_blocked, id=35512, stack(0x000000007af00000,0x000000007b000000)]
  0x00000000366dc000 JavaThread "NettyClientPublicExecutor_8" [_thread_blocked, id=39604, stack(0x000000007ae00000,0x000000007af00000)]
  0x00000000366d9800 JavaThread "NettyClientPublicExecutor_7" [_thread_blocked, id=18204, stack(0x000000007ad00000,0x000000007ae00000)]
  0x00000000366ce800 JavaThread "NettyClientWorkerThread_3" [_thread_blocked, id=29252, stack(0x000000007ac00000,0x000000007ad00000)]
  0x00000000366d5000 JavaThread "NettyClientPublicExecutor_6" [_thread_blocked, id=38524, stack(0x000000007ab00000,0x000000007ac00000)]
  0x00000000366d4800 JavaThread "NettyClientPublicExecutor_5" [_thread_blocked, id=37716, stack(0x000000007aa00000,0x000000007ab00000)]
  0x00000000366d3800 JavaThread "NettyClientPublicExecutor_4" [_thread_blocked, id=13904, stack(0x000000007a900000,0x000000007aa00000)]
  0x00000000366cc000 JavaThread "NettyClientPublicExecutor_3" [_thread_blocked, id=28704, stack(0x000000007a800000,0x000000007a900000)]
  0x00000000366d3000 JavaThread "NettyClientWorkerThread_2" [_thread_blocked, id=12312, stack(0x000000007a700000,0x000000007a800000)]
  0x00000000366cf000 JavaThread "NettyClientPublicExecutor_2" [_thread_blocked, id=224, stack(0x000000007a600000,0x000000007a700000)]
  0x00000000366cb800 JavaThread "NettyClientPublicExecutor_1" [_thread_blocked, id=38740, stack(0x000000007a500000,0x000000007a600000)]
  0x00000000366d2000 JavaThread "NettyClientWorkerThread_1" [_thread_blocked, id=20892, stack(0x000000007a400000,0x000000007a500000)]
  0x00000000366d0000 JavaThread "NettyClientSelector_1" [_thread_in_native, id=14400, stack(0x000000007a300000,0x000000007a400000)]
  0x00000000366cd800 JavaThread "LatencyFaultToleranceScheduledThread" [_thread_blocked, id=4180, stack(0x000000007a200000,0x000000007a300000)]
  0x00000000366ca800 JavaThread "RebalanceService" [_thread_blocked, id=37244, stack(0x000000007a100000,0x000000007a200000)]
  0x00000000366d0800 JavaThread "PullMessageService" [_thread_blocked, id=3380, stack(0x000000007a000000,0x000000007a100000)]
  0x00000000366d1800 JavaThread "ClientHouseKeepingService" [_thread_blocked, id=13392, stack(0x0000000079f00000,0x000000007a000000)]
  0x00000000366cd000 JavaThread "NettyEventExecutor" [_thread_blocked, id=25032, stack(0x0000000079e00000,0x0000000079f00000)]
  0x00000000366c3000 JavaThread "CleanExpireMsgScheduledThread_dev_local%Marketing_PreUser_ShuHeReceive_1" [_thread_blocked, id=37084, stack(0x0000000079d00000,0x0000000079e00000)]
  0x00000000366ca000 JavaThread "MQClientFactoryScheduledThread" [_thread_blocked, id=30284, stack(0x0000000079c00000,0x0000000079d00000)]
  0x00000000366c7000 JavaThread "NettyClientPublicExecutor_20" [_thread_blocked, id=16804, stack(0x0000000079b00000,0x0000000079c00000)]
  0x00000000366c9000 JavaThread "PullMessageServiceScheduledThread1" [_thread_blocked, id=25308, stack(0x0000000079a00000,0x0000000079b00000)]
  0x00000000366c2800 JavaThread "NettyClientPublicExecutor_19" [_thread_blocked, id=34860, stack(0x0000000079900000,0x0000000079a00000)]
  0x00000000366c1800 JavaThread "NettyClientPublicExecutor_18" [_thread_blocked, id=36104, stack(0x0000000079800000,0x0000000079900000)]
  0x00000000366c4800 JavaThread "NettyClientPublicExecutor_17" [_thread_blocked, id=9264, stack(0x0000000079700000,0x0000000079800000)]
  0x00000000366c8800 JavaThread "NettyClientPublicExecutor_16" [_thread_blocked, id=30336, stack(0x0000000079600000,0x0000000079700000)]
  0x00000000366c7800 JavaThread "NettyClientPublicExecutor_15" [_thread_blocked, id=32332, stack(0x0000000079500000,0x0000000079600000)]
  0x00000000366c6000 JavaThread "NettyClientPublicExecutor_14" [_thread_blocked, id=26468, stack(0x0000000079400000,0x0000000079500000)]
  0x00000000366c5800 JavaThread "NettyClientPublicExecutor_13" [_thread_blocked, id=23484, stack(0x0000000079300000,0x0000000079400000)]
  0x00000000366c4000 JavaThread "NettyClientPublicExecutor_12" [_thread_blocked, id=13620, stack(0x0000000079200000,0x0000000079300000)]
  0x00000000366c1000 JavaThread "NettyClientPublicExecutor_11" [_thread_blocked, id=39656, stack(0x0000000079100000,0x0000000079200000)]
  0x00000000366b9000 JavaThread "NettyClientPublicExecutor_10" [_thread_blocked, id=32032, stack(0x0000000079000000,0x0000000079100000)]
  0x00000000366be800 JavaThread "NettyClientWorkerThread_4" [_thread_blocked, id=38180, stack(0x0000000078f00000,0x0000000079000000)]
  0x00000000366c0000 JavaThread "NettyClientPublicExecutor_9" [_thread_blocked, id=2544, stack(0x0000000078e00000,0x0000000078f00000)]
  0x00000000366bc800 JavaThread "NettyClientPublicExecutor_8" [_thread_blocked, id=35196, stack(0x0000000078d00000,0x0000000078e00000)]
  0x00000000366bb800 JavaThread "NettyClientPublicExecutor_7" [_thread_blocked, id=22612, stack(0x0000000078c00000,0x0000000078d00000)]
  0x00000000366be000 JavaThread "NettyClientWorkerThread_3" [_thread_blocked, id=40268, stack(0x0000000078b00000,0x0000000078c00000)]
  0x00000000366ba800 JavaThread "NettyClientPublicExecutor_6" [_thread_blocked, id=13308, stack(0x0000000078a00000,0x0000000078b00000)]
  0x00000000366ba000 JavaThread "NettyClientPublicExecutor_5" [_thread_blocked, id=25460, stack(0x0000000078900000,0x0000000078a00000)]
  0x00000000366bd000 JavaThread "NettyClientPublicExecutor_4" [_thread_blocked, id=31392, stack(0x0000000078800000,0x0000000078900000)]
  0x00000000366bf800 JavaThread "NettyClientPublicExecutor_3" [_thread_blocked, id=19244, stack(0x0000000078700000,0x0000000078800000)]
  0x000000003687b800 JavaThread "NettyClientWorkerThread_2" [_thread_blocked, id=21512, stack(0x0000000078600000,0x0000000078700000)]
  0x0000000036882000 JavaThread "NettyClientPublicExecutor_2" [_thread_blocked, id=11556, stack(0x0000000078500000,0x0000000078600000)]
  0x0000000036881800 JavaThread "NettyClientPublicExecutor_1" [_thread_blocked, id=12164, stack(0x0000000078400000,0x0000000078500000)]
  0x0000000036880800 JavaThread "NettyClientWorkerThread_1" [_thread_blocked, id=17080, stack(0x0000000078300000,0x0000000078400000)]
  0x0000000036879000 JavaThread "NettyClientSelector_1" [_thread_in_native, id=35264, stack(0x0000000078200000,0x0000000078300000)]
  0x000000003687a800 JavaThread "LatencyFaultToleranceScheduledThread" [_thread_blocked, id=32192, stack(0x0000000078100000,0x0000000078200000)]
  0x0000000036880000 JavaThread "RebalanceService" [_thread_blocked, id=30256, stack(0x0000000078000000,0x0000000078100000)]
  0x000000003687f000 JavaThread "PullMessageService" [_thread_blocked, id=4452, stack(0x0000000077f00000,0x0000000078000000)]
  0x000000003687a000 JavaThread "ClientHouseKeepingService" [_thread_blocked, id=18636, stack(0x0000000077e00000,0x0000000077f00000)]
  0x000000003687e800 JavaThread "NettyEventExecutor" [_thread_blocked, id=1664, stack(0x0000000077d00000,0x0000000077e00000)]
  0x000000003687d800 JavaThread "CleanExpireMsgScheduledThread_dev_local%Marketing_PreUser_Receive_Small_1" [_thread_blocked, id=36392, stack(0x0000000077c00000,0x0000000077d00000)]
  0x0000000036877000 JavaThread "MQClientFactoryScheduledThread" [_thread_blocked, id=33016, stack(0x0000000077b00000,0x0000000077c00000)]
  0x0000000036876000 JavaThread "NettyClientPublicExecutor_20" [_thread_blocked, id=33244, stack(0x0000000077a00000,0x0000000077b00000)]
  0x0000000036878800 JavaThread "PullMessageServiceScheduledThread1" [_thread_blocked, id=36380, stack(0x0000000077900000,0x0000000077a00000)]
  0x000000003687d000 JavaThread "NettyClientPublicExecutor_19" [_thread_blocked, id=12572, stack(0x0000000077800000,0x0000000077900000)]
  0x000000003687c000 JavaThread "NettyClientPublicExecutor_18" [_thread_blocked, id=37656, stack(0x0000000077700000,0x0000000077800000)]
  0x0000000036877800 JavaThread "NettyClientPublicExecutor_17" [_thread_blocked, id=5948, stack(0x0000000077600000,0x0000000077700000)]
  0x000000003686e800 JavaThread "NettyClientPublicExecutor_16" [_thread_blocked, id=32080, stack(0x0000000077500000,0x0000000077600000)]
  0x0000000036875800 JavaThread "NettyClientPublicExecutor_15" [_thread_blocked, id=35380, stack(0x0000000077400000,0x0000000077500000)]
  0x0000000036874800 JavaThread "NettyClientPublicExecutor_14" [_thread_blocked, id=23792, stack(0x0000000077300000,0x0000000077400000)]
  0x0000000036874000 JavaThread "NettyClientPublicExecutor_13" [_thread_blocked, id=27932, stack(0x0000000077200000,0x0000000077300000)]
  0x000000003686c000 JavaThread "NettyClientPublicExecutor_12" [_thread_blocked, id=30060, stack(0x0000000077100000,0x0000000077200000)]
  0x0000000036873000 JavaThread "NettyClientPublicExecutor_11" [_thread_blocked, id=20296, stack(0x0000000077000000,0x0000000077100000)]
  0x000000003686b800 JavaThread "NettyClientPublicExecutor_10" [_thread_blocked, id=18628, stack(0x0000000076f00000,0x0000000077000000)]
  0x000000003686d800 JavaThread "NettyClientWorkerThread_4" [_thread_blocked, id=37728, stack(0x0000000076e00000,0x0000000076f00000)]
  0x000000003686d000 JavaThread "NettyClientPublicExecutor_9" [_thread_blocked, id=30804, stack(0x0000000076d00000,0x0000000076e00000)]
  0x0000000036872800 JavaThread "NettyClientPublicExecutor_8" [_thread_blocked, id=4588, stack(0x0000000076c00000,0x0000000076d00000)]
  0x0000000036871800 JavaThread "NettyClientPublicExecutor_7" [_thread_blocked, id=34408, stack(0x0000000076b00000,0x0000000076c00000)]
  0x000000003686a000 JavaThread "NettyClientWorkerThread_3" [_thread_blocked, id=3108, stack(0x00000000759f0000,0x0000000075af0000)]
  0x0000000036871000 JavaThread "NettyClientPublicExecutor_6" [_thread_blocked, id=27212, stack(0x00000000758f0000,0x00000000759f0000)]
  0x000000003686a800 JavaThread "NettyClientPublicExecutor_5" [_thread_blocked, id=28980, stack(0x00000000757f0000,0x00000000758f0000)]
  0x0000000036870000 JavaThread "NettyClientPublicExecutor_4" [_thread_blocked, id=17012, stack(0x00000000756f0000,0x00000000757f0000)]
  0x000000003686f000 JavaThread "NettyClientPublicExecutor_3" [_thread_blocked, id=37476, stack(0x00000000755f0000,0x00000000756f0000)]
  0x0000000036863000 JavaThread "NettyClientWorkerThread_2" [_thread_blocked, id=11652, stack(0x00000000744e0000,0x00000000745e0000)]
  0x0000000036867000 JavaThread "NettyClientPublicExecutor_2" [_thread_blocked, id=40468, stack(0x00000000743e0000,0x00000000744e0000)]
  0x0000000036869000 JavaThread "NettyClientPublicExecutor_1" [_thread_blocked, id=38096, stack(0x00000000742e0000,0x00000000743e0000)]
  0x0000000036867800 JavaThread "NettyClientWorkerThread_1" [_thread_blocked, id=23168, stack(0x00000000721c0000,0x00000000722c0000)]
  0x0000000036868800 JavaThread "NettyClientSelector_1" [_thread_in_native, id=29304, stack(0x00000000720c0000,0x00000000721c0000)]
  0x0000000036866000 JavaThread "LatencyFaultToleranceScheduledThread" [_thread_blocked, id=37992, stack(0x0000000071fc0000,0x00000000720c0000)]
  0x0000000036865800 JavaThread "RebalanceService" [_thread_blocked, id=11136, stack(0x0000000071ec0000,0x0000000071fc0000)]
  0x0000000036864000 JavaThread "PullMessageService" [_thread_blocked, id=28476, stack(0x0000000071dc0000,0x0000000071ec0000)]
  0x0000000036864800 JavaThread "ClientHouseKeepingService" [_thread_blocked, id=28884, stack(0x0000000071cc0000,0x0000000071dc0000)]
  0x00000000414cc800 JavaThread "NettyEventExecutor" [_thread_blocked, id=32236, stack(0x0000000071bc0000,0x0000000071cc0000)]
  0x00000000414cb800 JavaThread "CleanExpireMsgScheduledThread_dev_local%Marketing_PreUser_Receive_Emergency_1" [_thread_blocked, id=14544, stack(0x0000000071ac0000,0x0000000071bc0000)]
  0x00000000414cb000 JavaThread "MQClientFactoryScheduledThread" [_thread_blocked, id=28376, stack(0x00000000719c0000,0x0000000071ac0000)]
  0x00000000414c3800 JavaThread "NettyClientPublicExecutor_20" [_thread_blocked, id=14012, stack(0x00000000718c0000,0x00000000719c0000)]
  0x00000000414c5000 JavaThread "PullMessageServiceScheduledThread1" [_thread_blocked, id=23428, stack(0x000000006e720000,0x000000006e820000)]
  0x00000000414ca000 JavaThread "NettyClientPublicExecutor_19" [_thread_blocked, id=29376, stack(0x000000006e620000,0x000000006e720000)]
  0x00000000414c6800 JavaThread "NettyClientPublicExecutor_18" [_thread_blocked, id=35744, stack(0x000000006e520000,0x000000006e620000)]
  0x00000000414c2800 JavaThread "NettyClientPublicExecutor_17" [_thread_blocked, id=3008, stack(0x000000006e420000,0x000000006e520000)]
  0x00000000414c8800 JavaThread "NettyClientPublicExecutor_16" [_thread_blocked, id=11760, stack(0x000000006d740000,0x000000006d840000)]
  0x00000000414c8000 JavaThread "NettyClientPublicExecutor_15" [_thread_blocked, id=12644, stack(0x000000006d640000,0x000000006d740000)]
  0x00000000414c4000 JavaThread "NettyClientPublicExecutor_14" [_thread_blocked, id=31688, stack(0x000000006d540000,0x000000006d640000)]
  0x00000000414c7000 JavaThread "NettyClientPublicExecutor_13" [_thread_blocked, id=27768, stack(0x000000006d440000,0x000000006d540000)]
  0x00000000414c9800 JavaThread "NettyClientPublicExecutor_12" [_thread_blocked, id=30820, stack(0x000000006d340000,0x000000006d440000)]
  0x00000000414c5800 JavaThread "NettyClientPublicExecutor_11" [_thread_blocked, id=14080, stack(0x000000006d100000,0x000000006d200000)]
  0x00000000414bb000 JavaThread "NettyClientWorkerThread_4" [_thread_blocked, id=20380, stack(0x000000006d000000,0x000000006d100000)]
  0x00000000414c2000 JavaThread "NettyClientPublicExecutor_10" [_thread_blocked, id=24216, stack(0x000000006cf00000,0x000000006d000000)]
  0x00000000414c1000 JavaThread "NettyClientPublicExecutor_9" [_thread_blocked, id=29880, stack(0x000000006ce00000,0x000000006cf00000)]
  0x00000000414c0800 JavaThread "NettyClientPublicExecutor_8" [_thread_blocked, id=38340, stack(0x000000006cd00000,0x000000006ce00000)]
  0x00000000414b9000 JavaThread "NettyClientPublicExecutor_7" [_thread_blocked, id=26968, stack(0x000000006cc00000,0x000000006cd00000)]
  0x00000000414bf800 JavaThread "NettyClientPublicExecutor_6" [_thread_blocked, id=32988, stack(0x000000006cb00000,0x000000006cc00000)]
  0x00000000414b8000 JavaThread "NettyClientWorkerThread_3" [_thread_blocked, id=21704, stack(0x000000006ca00000,0x000000006cb00000)]
  0x00000000414bf000 JavaThread "NettyClientPublicExecutor_5" [_thread_blocked, id=35364, stack(0x000000006c900000,0x000000006ca00000)]
  0x00000000414bc800 JavaThread "NettyClientPublicExecutor_4" [_thread_blocked, id=31324, stack(0x000000006c800000,0x000000006c900000)]
  0x00000000414bd800 JavaThread "NettyClientPublicExecutor_3" [_thread_blocked, id=12388, stack(0x000000006c700000,0x000000006c800000)]
  0x00000000414ba800 JavaThread "NettyClientWorkerThread_2" [_thread_blocked, id=11980, stack(0x000000006c600000,0x000000006c700000)]
  0x00000000414be000 JavaThread "NettyClientPublicExecutor_2" [_thread_blocked, id=30440, stack(0x000000006c500000,0x000000006c600000)]
  0x00000000414b7800 JavaThread "NettyClientPublicExecutor_1" [_thread_blocked, id=16032, stack(0x000000006c400000,0x000000006c500000)]
  0x00000000414b6800 JavaThread "NettyClientWorkerThread_1" [_thread_blocked, id=20916, stack(0x000000006a2e0000,0x000000006a3e0000)]
  0x00000000414b5000 JavaThread "NettyClientSelector_1" [_thread_in_native, id=8564, stack(0x000000006a1e0000,0x000000006a2e0000)]
  0x00000000414b6000 JavaThread "LatencyFaultToleranceScheduledThread" [_thread_blocked, id=11396, stack(0x000000006a0e0000,0x000000006a1e0000)]
  0x00000000414b9800 JavaThread "RebalanceService" [_thread_blocked, id=38508, stack(0x0000000069fe0000,0x000000006a0e0000)]
  0x00000000414bc000 JavaThread "PullMessageService" [_thread_blocked, id=16288, stack(0x0000000069ee0000,0x0000000069fe0000)]
  0x00000000414ad800 JavaThread "ClientHouseKeepingService" [_thread_blocked, id=35584, stack(0x0000000069de0000,0x0000000069ee0000)]
  0x00000000414b3800 JavaThread "NettyEventExecutor" [_thread_blocked, id=27028, stack(0x0000000069ce0000,0x0000000069de0000)]
  0x00000000414b0800 JavaThread "CleanExpireMsgScheduledThread_dev_local%Marketing_PreUser_Receive_1" [_thread_blocked, id=23584, stack(0x0000000069be0000,0x0000000069ce0000)]
  0x00000000414b0000 JavaThread "MQClientFactoryScheduledThread" [_thread_blocked, id=14532, stack(0x0000000069ae0000,0x0000000069be0000)]
  0x00000000414b3000 JavaThread "NettyClientPublicExecutor_20" [_thread_blocked, id=38336, stack(0x00000000699e0000,0x0000000069ae0000)]
  0x00000000414b4800 JavaThread "PullMessageServiceScheduledThread1" [_thread_blocked, id=26680, stack(0x00000000698e0000,0x00000000699e0000)]
  0x00000000414af000 JavaThread "NettyClientPublicExecutor_19" [_thread_blocked, id=36676, stack(0x00000000697e0000,0x00000000698e0000)]
  0x00000000414ae000 JavaThread "NettyClientPublicExecutor_18" [_thread_blocked, id=29844, stack(0x00000000696e0000,0x00000000697e0000)]
  0x00000000414b1800 JavaThread "NettyClientPublicExecutor_17" [_thread_blocked, id=30128, stack(0x00000000695e0000,0x00000000696e0000)]
  0x00000000414b2000 JavaThread "NettyClientPublicExecutor_16" [_thread_blocked, id=40040, stack(0x00000000694e0000,0x00000000695e0000)]
  0x0000000041424000 JavaThread "NettyClientPublicExecutor_15" [_thread_blocked, id=6236, stack(0x00000000693e0000,0x00000000694e0000)]
  0x0000000041422800 JavaThread "NettyClientPublicExecutor_14" [_thread_blocked, id=39172, stack(0x00000000692e0000,0x00000000693e0000)]
  0x0000000041421800 JavaThread "NettyClientPublicExecutor_13" [_thread_blocked, id=30036, stack(0x00000000691e0000,0x00000000692e0000)]
  0x0000000041421000 JavaThread "NettyClientPublicExecutor_12" [_thread_blocked, id=3976, stack(0x00000000690e0000,0x00000000691e0000)]
  0x0000000041420000 JavaThread "NettyClientPublicExecutor_11" [_thread_blocked, id=35768, stack(0x0000000067fd0000,0x00000000680d0000)]
  0x000000004141f800 JavaThread "NettyClientWorkerThread_4" [_thread_blocked, id=34592, stack(0x0000000067ed0000,0x0000000067fd0000)]
  0x0000000041423000 JavaThread "NettyClientPublicExecutor_10" [_thread_blocked, id=30084, stack(0x0000000067dd0000,0x0000000067ed0000)]
  0x0000000041418000 JavaThread "NettyClientPublicExecutor_9" [_thread_blocked, id=29800, stack(0x0000000067cd0000,0x0000000067dd0000)]
  0x000000004141e800 JavaThread "NettyClientPublicExecutor_8" [_thread_blocked, id=26060, stack(0x0000000067bd0000,0x0000000067cd0000)]
  0x0000000041417000 JavaThread "NettyClientPublicExecutor_7" [_thread_blocked, id=2320, stack(0x0000000066ac0000,0x0000000066bc0000)]
  0x000000004141e000 JavaThread "NettyClientPublicExecutor_6" [_thread_blocked, id=12692, stack(0x00000000669c0000,0x0000000066ac0000)]
  0x000000004141c800 JavaThread "NettyClientWorkerThread_3" [_thread_blocked, id=17032, stack(0x00000000668c0000,0x00000000669c0000)]
  0x0000000041416800 JavaThread "NettyClientPublicExecutor_5" [_thread_blocked, id=34036, stack(0x00000000667c0000,0x00000000668c0000)]
  0x000000004141d000 JavaThread "NettyClientPublicExecutor_4" [_thread_blocked, id=37836, stack(0x00000000666c0000,0x00000000667c0000)]
  0x0000000041418800 JavaThread "NettyClientPublicExecutor_3" [_thread_blocked, id=17276, stack(0x00000000665c0000,0x00000000666c0000)]
  0x000000004141b800 JavaThread "NettyClientWorkerThread_2" [_thread_blocked, id=21896, stack(0x00000000654b0000,0x00000000655b0000)]
  0x0000000041415800 JavaThread "NettyClientPublicExecutor_2" [_thread_blocked, id=35272, stack(0x00000000653b0000,0x00000000654b0000)]
  0x000000004141a000 JavaThread "NettyClientPublicExecutor_1" [_thread_blocked, id=3064, stack(0x00000000652b0000,0x00000000653b0000)]
  0x0000000041419800 JavaThread "NettyClientWorkerThread_1" [_thread_blocked, id=696, stack(0x0000000063180000,0x0000000063280000)]
  0x000000004141b000 JavaThread "NettyClientSelector_1" [_thread_in_native, id=7584, stack(0x0000000063080000,0x0000000063180000)]
  0x000000004140e000 JavaThread "LatencyFaultToleranceScheduledThread" [_thread_blocked, id=24396, stack(0x0000000062f80000,0x0000000063080000)]
  0x0000000041415000 JavaThread "RebalanceService" [_thread_blocked, id=13776, stack(0x0000000062e80000,0x0000000062f80000)]
  0x000000004140f000 JavaThread "PullMessageService" [_thread_blocked, id=40720, stack(0x0000000062d80000,0x0000000062e80000)]
  0x0000000041412800 JavaThread "ClientHouseKeepingService" [_thread_blocked, id=33204, stack(0x0000000062c80000,0x0000000062d80000)]
  0x000000004140d800 JavaThread "NettyEventExecutor" [_thread_blocked, id=26788, stack(0x0000000062b80000,0x0000000062c80000)]
  0x000000004140f800 JavaThread "CleanExpireMsgScheduledThread_dev_local%marketing_pp_rongshu_mark_create_clean_task_queue_1" [_thread_blocked, id=22500, stack(0x0000000062a80000,0x0000000062b80000)]
  0x0000000041410800 JavaThread "MQClientFactoryScheduledThread" [_thread_blocked, id=9652, stack(0x0000000062980000,0x0000000062a80000)]
  0x0000000041414000 JavaThread "NettyClientPublicExecutor_20" [_thread_blocked, id=14428, stack(0x0000000062880000,0x0000000062980000)]
  0x0000000041412000 JavaThread "PullMessageServiceScheduledThread1" [_thread_blocked, id=11632, stack(0x0000000062780000,0x0000000062880000)]
  0x000000004140c800 JavaThread "NettyClientPublicExecutor_19" [_thread_blocked, id=26000, stack(0x0000000062680000,0x0000000062780000)]
  0x0000000041411000 JavaThread "NettyClientPublicExecutor_18" [_thread_blocked, id=19348, stack(0x0000000062580000,0x0000000062680000)]
  0x0000000041413800 JavaThread "NettyClientPublicExecutor_17" [_thread_blocked, id=35664, stack(0x0000000062480000,0x0000000062580000)]
  0x0000000041405000 JavaThread "NettyClientPublicExecutor_16" [_thread_blocked, id=5912, stack(0x0000000062380000,0x0000000062480000)]
  0x000000004140b000 JavaThread "NettyClientPublicExecutor_15" [_thread_blocked, id=29916, stack(0x0000000062280000,0x0000000062380000)]
  0x000000004140a800 JavaThread "NettyClientPublicExecutor_14" [_thread_blocked, id=16192, stack(0x0000000062180000,0x0000000062280000)]
  0x000000004140c000 JavaThread "NettyClientPublicExecutor_13" [_thread_blocked, id=35464, stack(0x0000000062080000,0x0000000062180000)]
  0x0000000041409800 JavaThread "NettyClientPublicExecutor_12" [_thread_blocked, id=37524, stack(0x0000000060f70000,0x0000000061070000)]
  0x0000000041406000 JavaThread "NettyClientPublicExecutor_11" [_thread_blocked, id=40836, stack(0x0000000060e70000,0x0000000060f70000)]
  0x0000000041406800 JavaThread "NettyClientWorkerThread_4" [_thread_blocked, id=19732, stack(0x0000000060d70000,0x0000000060e70000)]
  0x0000000041409000 JavaThread "NettyClientPublicExecutor_10" [_thread_blocked, id=14256, stack(0x0000000060c70000,0x0000000060d70000)]
  0x0000000041408000 JavaThread "NettyClientPublicExecutor_9" [_thread_blocked, id=23904, stack(0x0000000060b70000,0x0000000060c70000)]
  0x0000000041407800 JavaThread "NettyClientPublicExecutor_8" [_thread_blocked, id=5416, stack(0x0000000060a70000,0x0000000060b70000)]
  0x0000000041384800 JavaThread "NettyClientPublicExecutor_7" [_thread_blocked, id=19396, stack(0x000000005f960000,0x000000005fa60000)]
  0x0000000041385800 JavaThread "NettyClientWorkerThread_3" [_thread_blocked, id=27124, stack(0x000000005f860000,0x000000005f960000)]
  0x0000000041384000 JavaThread "NettyClientPublicExecutor_6" [_thread_blocked, id=16408, stack(0x000000005f760000,0x000000005f860000)]
  0x0000000041386000 JavaThread "NettyClientPublicExecutor_5" [_thread_blocked, id=27176, stack(0x000000005f660000,0x000000005f760000)]
  0x0000000041383000 JavaThread "NettyClientPublicExecutor_4" [_thread_blocked, id=3812, stack(0x000000005f560000,0x000000005f660000)]
  0x0000000041382800 JavaThread "NettyClientPublicExecutor_3" [_thread_blocked, id=19216, stack(0x000000005e450000,0x000000005e550000)]
  0x0000000041381800 JavaThread "NettyClientWorkerThread_2" [_thread_blocked, id=35792, stack(0x000000005e350000,0x000000005e450000)]
  0x000000004137a000 JavaThread "NettyClientPublicExecutor_2" [_thread_blocked, id=20096, stack(0x000000005e250000,0x000000005e350000)]
  0x0000000041381000 JavaThread "NettyClientPublicExecutor_1" [_thread_blocked, id=35108, stack(0x000000005e150000,0x000000005e250000)]
  0x0000000041379800 JavaThread "NettyClientWorkerThread_1" [_thread_blocked, id=2556, stack(0x000000005c030000,0x000000005c130000)]
  0x0000000041380000 JavaThread "NettyClientSelector_1" [_thread_in_native, id=37056, stack(0x000000005bf30000,0x000000005c030000)]
  0x000000004137f800 JavaThread "LatencyFaultToleranceScheduledThread" [_thread_blocked, id=30444, stack(0x000000005be30000,0x000000005bf30000)]
  0x000000004137b800 JavaThread "RebalanceService" [_thread_blocked, id=33876, stack(0x000000005bd30000,0x000000005be30000)]
  0x000000004137e000 JavaThread "PullMessageService" [_thread_blocked, id=12184, stack(0x000000005bc30000,0x000000005bd30000)]
  0x000000004137d000 JavaThread "ClientHouseKeepingService" [_thread_blocked, id=30188, stack(0x000000005bb30000,0x000000005bc30000)]
  0x000000004137e800 JavaThread "NettyEventExecutor" [_thread_blocked, id=5024, stack(0x000000005ba30000,0x000000005bb30000)]
  0x000000004137b000 JavaThread "CleanExpireMsgScheduledThread_dev_local%marketing_hengchang_data_clean_queue_1" [_thread_blocked, id=22736, stack(0x000000005b930000,0x000000005ba30000)]
  0x000000004137c800 JavaThread "MQClientFactoryScheduledThread" [_thread_blocked, id=36948, stack(0x000000005b830000,0x000000005b930000)]
  0x0000000041372000 JavaThread "NettyClientPublicExecutor_20" [_thread_blocked, id=5136, stack(0x000000005b730000,0x000000005b830000)]
  0x0000000041377000 JavaThread "NettyClientPublicExecutor_19" [_thread_blocked, id=34756, stack(0x000000005b530000,0x000000005b630000)]
  0x0000000041376800 JavaThread "NettyClientPublicExecutor_18" [_thread_blocked, id=20900, stack(0x000000005b430000,0x000000005b530000)]
  0x0000000041375800 JavaThread "NettyClientPublicExecutor_17" [_thread_blocked, id=20316, stack(0x000000005b330000,0x000000005b430000)]
  0x0000000041374000 JavaThread "NettyClientPublicExecutor_16" [_thread_blocked, id=19824, stack(0x000000005b230000,0x000000005b330000)]
  0x0000000041378000 JavaThread "NettyClientPublicExecutor_15" [_thread_blocked, id=38836, stack(0x000000005b130000,0x000000005b230000)]
  0x000000004136f800 JavaThread "NettyClientPublicExecutor_14" [_thread_blocked, id=29792, stack(0x000000005b030000,0x000000005b130000)]
  0x0000000041372800 JavaThread "NettyClientPublicExecutor_13" [_thread_blocked, id=9352, stack(0x000000005af30000,0x000000005b030000)]
  0x0000000041371000 JavaThread "NettyClientPublicExecutor_12" [_thread_blocked, id=29488, stack(0x000000005ae30000,0x000000005af30000)]
  0x0000000041370800 JavaThread "NettyClientPublicExecutor_11" [_thread_blocked, id=40068, stack(0x000000005ad30000,0x000000005ae30000)]
  0x0000000041375000 JavaThread "NettyClientPublicExecutor_10" [_thread_blocked, id=12112, stack(0x0000000059c20000,0x0000000059d20000)]
  0x0000000041373800 JavaThread "NettyClientWorkerThread_4" [_thread_blocked, id=14872, stack(0x0000000059b20000,0x0000000059c20000)]
  0x0000000041368000 JavaThread "NettyClientPublicExecutor_9" [_thread_blocked, id=27220, stack(0x0000000059a20000,0x0000000059b20000)]
  0x000000004136e000 JavaThread "NettyClientPublicExecutor_8" [_thread_blocked, id=26796, stack(0x0000000059920000,0x0000000059a20000)]
  0x000000004136d800 JavaThread "NettyClientPublicExecutor_7" [_thread_blocked, id=21992, stack(0x0000000058810000,0x0000000058910000)]
  0x000000004136c000 JavaThread "NettyClientWorkerThread_3" [_thread_blocked, id=31796, stack(0x0000000058710000,0x0000000058810000)]
  0x000000004136a800 JavaThread "NettyClientPublicExecutor_6" [_thread_blocked, id=37072, stack(0x0000000058610000,0x0000000058710000)]
  0x000000004136c800 JavaThread "NettyClientPublicExecutor_5" [_thread_blocked, id=19528, stack(0x0000000058510000,0x0000000058610000)]
  0x000000004136f000 JavaThread "NettyClientPublicExecutor_4" [_thread_blocked, id=40172, stack(0x0000000058410000,0x0000000058510000)]
  0x0000000041369000 JavaThread "NettyClientPublicExecutor_3" [_thread_blocked, id=17160, stack(0x0000000057300000,0x0000000057400000)]
  0x000000004136b000 JavaThread "NettyClientWorkerThread_2" [_thread_blocked, id=17780, stack(0x0000000057200000,0x0000000057300000)]
  0x0000000041369800 JavaThread "NettyClientPublicExecutor_2" [_thread_blocked, id=7564, stack(0x0000000056e10000,0x0000000056f10000)]
  0x0000000041367800 JavaThread "NettyClientPublicExecutor_1" [_thread_blocked, id=37000, stack(0x0000000056d10000,0x0000000056e10000)]
  0x000000003667f000 JavaThread "NettyClientWorkerThread_1" [_thread_blocked, id=18160, stack(0x0000000054bf0000,0x0000000054cf0000)]
  0x000000003667e800 JavaThread "NettyClientSelector_1" [_thread_blocked, id=23768, stack(0x0000000054af0000,0x0000000054bf0000)]
  0x0000000036677000 JavaThread "RebalanceService" [_thread_blocked, id=25076, stack(0x00000000548f0000,0x00000000549f0000)]
  0x000000003667a800 JavaThread "NettyClientPublicExecutor_8" [_thread_blocked, id=31908, stack(0x00000000542f0000,0x00000000543f0000)]
  0x0000000036677800 JavaThread "NettyClientPublicExecutor_7" [_thread_blocked, id=5952, stack(0x00000000541f0000,0x00000000542f0000)]
  0x000000003667a000 JavaThread "NettyClientPublicExecutor_6" [_thread_blocked, id=14408, stack(0x00000000540f0000,0x00000000541f0000)]
  0x0000000036667000 JavaThread "NettyClientWorkerThread_4" [_thread_blocked, id=33528, stack(0x00000000524d0000,0x00000000525d0000)]
  0x000000003666c800 JavaThread "NettyClientWorkerThread_3" [_thread_blocked, id=30484, stack(0x0000000050fc0000,0x00000000510c0000)]
  0x000000003666b000 JavaThread "NettyClientWorkerThread_2" [_thread_blocked, id=37400, stack(0x000000004fab0000,0x000000004fbb0000)]
  0x0000000036663800 JavaThread "NettyClientWorkerThread_1" [_thread_blocked, id=10964, stack(0x000000004d790000,0x000000004d890000)]
  0x0000000036668000 JavaThread "NettyClientSelector_1" [_thread_blocked, id=13552, stack(0x000000004d690000,0x000000004d790000)]
  0x0000000041356000 JavaThread "NettyClientWorkerThread_4" [_thread_blocked, id=34972, stack(0x000000004b080000,0x000000004b180000)]
  0x0000000041353000 JavaThread "NettyClientWorkerThread_3" [_thread_blocked, id=37544, stack(0x0000000049c70000,0x0000000049d70000)]
  0x00000000363be000 JavaThread "NettyClientWorkerThread_2" [_thread_blocked, id=11056, stack(0x0000000048760000,0x0000000048860000)]
  0x00000000363c2800 JavaThread "NettyClientWorkerThread_1" [_thread_blocked, id=4932, stack(0x0000000046440000,0x0000000046540000)]
  0x00000000363c1000 JavaThread "NettyClientSelector_1" [_thread_blocked, id=36520, stack(0x0000000046340000,0x0000000046440000)]
  0x00000000363ba000 JavaThread "NettyClientPublicExecutor_5" [_thread_blocked, id=16028, stack(0x0000000045b40000,0x0000000045c40000)]
  0x00000000363b7000 JavaThread "NettyClientPublicExecutor_4" [_thread_blocked, id=4044, stack(0x0000000045a40000,0x0000000045b40000)]
  0x00000000363b6800 JavaThread "NettyClientPublicExecutor_3" [_thread_blocked, id=18056, stack(0x0000000045940000,0x0000000045a40000)]
  0x00000000363b9800 JavaThread "NettyClientPublicExecutor_2" [_thread_blocked, id=26504, stack(0x0000000045840000,0x0000000045940000)]
  0x00000000363b5000 JavaThread "NettyClientWorkerThread_2" [_thread_blocked, id=29552, stack(0x0000000044730000,0x0000000044830000)]
  0x00000000363b8800 JavaThread "NettyClientPublicExecutor_1" [_thread_blocked, id=18868, stack(0x0000000044630000,0x0000000044730000)]
  0x0000000035f98000 JavaThread "NettyClientWorkerThread_1" [_thread_blocked, id=30644, stack(0x0000000041140000,0x0000000041240000)]
  0x0000000035f97800 JavaThread "NettyClientSelector_1" [_thread_in_native, id=39592, stack(0x0000000038dd0000,0x0000000038ed0000)]
  0x0000000035f9b000 JavaThread "pool-6-thread-28" [_thread_blocked, id=23360, stack(0x0000000041040000,0x0000000041140000)]
  0x0000000035f96800 JavaThread "pool-6-thread-27" [_thread_blocked, id=21532, stack(0x0000000040e40000,0x0000000040f40000)]
  0x0000000035f99800 JavaThread "pool-6-thread-26" [_thread_blocked, id=7196, stack(0x0000000040c40000,0x0000000040d40000)]
  0x0000000035f96000 JavaThread "pool-6-thread-25" [_thread_blocked, id=24464, stack(0x0000000040830000,0x0000000040930000)]
  0x0000000035f95000 JavaThread "pool-6-thread-24" [_thread_blocked, id=26512, stack(0x000000002d540000,0x000000002d640000)]
  0x0000000036259800 JavaThread "pool-6-thread-23" [_thread_blocked, id=11852, stack(0x0000000040530000,0x0000000040630000)]
  0x0000000036250800 JavaThread "pool-6-thread-22" [_thread_blocked, id=14476, stack(0x0000000040130000,0x0000000040230000)]
  0x0000000036257800 JavaThread "pool-6-thread-21" [_thread_blocked, id=20568, stack(0x0000000040030000,0x0000000040130000)]
  0x0000000036256000 JavaThread "pool-6-thread-20" [_thread_blocked, id=30652, stack(0x000000003fe30000,0x000000003ff30000)]
  0x000000003624f800 JavaThread "pool-6-thread-19" [_thread_blocked, id=15880, stack(0x000000003fc30000,0x000000003fd30000)]
  0x0000000036254000 JavaThread "pool-6-thread-18" [_thread_blocked, id=32052, stack(0x000000003fb30000,0x000000003fc30000)]
  0x000000003624c800 JavaThread "pool-6-thread-17" [_thread_blocked, id=23128, stack(0x000000003f830000,0x000000003f930000)]
  0x000000003624f000 JavaThread "pool-6-thread-16" [_thread_blocked, id=24856, stack(0x000000003f630000,0x000000003f730000)]
  0x0000000036252800 JavaThread "pool-6-thread-15" [_thread_blocked, id=19340, stack(0x000000003f430000,0x000000003f530000)]
  0x0000000036252000 JavaThread "pool-6-thread-14" [_thread_blocked, id=19768, stack(0x000000003f230000,0x000000003f330000)]
  0x0000000036095000 JavaThread "pool-6-thread-13" [_thread_blocked, id=39520, stack(0x000000003f030000,0x000000003f130000)]
  0x0000000036092800 JavaThread "pool-6-thread-12" [_thread_blocked, id=24884, stack(0x000000003ee30000,0x000000003ef30000)]
  0x0000000036098800 JavaThread "pool-6-thread-11" [_thread_blocked, id=36928, stack(0x000000003ec30000,0x000000003ed30000)]
  0x0000000036094000 JavaThread "pool-6-thread-10" [_thread_blocked, id=21840, stack(0x000000003ea30000,0x000000003eb30000)]
  0x0000000036098000 JavaThread "pool-6-thread-9" [_thread_blocked, id=27036, stack(0x000000003e830000,0x000000003e930000)]
  0x000000003608b000 JavaThread "pool-6-thread-8" [_thread_blocked, id=14220, stack(0x000000003e630000,0x000000003e730000)]
  0x000000003608f800 JavaThread "pool-6-thread-7" [_thread_blocked, id=2968, stack(0x000000003e430000,0x000000003e530000)]
  0x0000000036092000 JavaThread "pool-6-thread-6" [_thread_blocked, id=39256, stack(0x000000003e230000,0x000000003e330000)]
  0x0000000036090800 JavaThread "pool-6-thread-5" [_thread_blocked, id=39228, stack(0x000000003e130000,0x000000003e230000)]
  0x000000003608a800 JavaThread "pool-6-thread-4" [_thread_blocked, id=24452, stack(0x000000003de30000,0x000000003df30000)]
  0x000000003608c000 JavaThread "pool-6-thread-3" [_thread_blocked, id=13956, stack(0x00000000341e0000,0x00000000342e0000)]
  0x0000000035b14800 JavaThread "pool-6-thread-2" [_thread_blocked, id=40060, stack(0x000000003dc30000,0x000000003dd30000)]
  0x0000000035b17000 JavaThread "AMQP Connection 10.100.123.73:5672" [_thread_in_native, id=31760, stack(0x000000003db30000,0x000000003dc30000)]
  0x0000000035b16000 JavaThread "pollingConfigurationSource" daemon [_thread_blocked, id=39140, stack(0x000000003d730000,0x000000003d830000)]
  0x0000000035b15800 JavaThread "grpc-client-pool-0" [_thread_blocked, id=29468, stack(0x000000003cc30000,0x000000003cd30000)]
  0x0000000035b13000 JavaThread "grpc-client-pool-0" [_thread_blocked, id=39692, stack(0x000000003cb30000,0x000000003cc30000)]
  0x0000000035b11800 JavaThread "grpc-nio-worker-ELG-1-20" daemon [_thread_in_native, id=33116, stack(0x000000003c820000,0x000000003c920000)]
  0x0000000035b17800 JavaThread "grpc-nio-worker-ELG-1-19" daemon [_thread_in_native, id=25724, stack(0x000000003c720000,0x000000003c820000)]
  0x0000000035b12800 JavaThread "grpc-nio-worker-ELG-1-18" daemon [_thread_in_native, id=38008, stack(0x000000003c620000,0x000000003c720000)]
  0x0000000035b0a000 JavaThread "grpc-nio-worker-ELG-1-17" daemon [_thread_in_native, id=11348, stack(0x000000003c520000,0x000000003c620000)]
  0x0000000035b11000 JavaThread "grpc-client-pool-1" [_thread_blocked, id=34752, stack(0x000000003c210000,0x000000003c310000)]
  0x0000000035b10000 JavaThread "grpc-client-pool-0" [_thread_blocked, id=38512, stack(0x000000003c110000,0x000000003c210000)]
  0x0000000035b0e000 JavaThread "grpc-nio-worker-ELG-1-16" daemon [_thread_in_native, id=28700, stack(0x000000003c010000,0x000000003c110000)]
  0x0000000035b0c800 JavaThread "grpc-nio-worker-ELG-1-15" daemon [_thread_in_native, id=29824, stack(0x000000003bf10000,0x000000003c010000)]
  0x0000000035b08800 JavaThread "grpc-nio-worker-ELG-1-14" daemon [_thread_in_native, id=11296, stack(0x000000003be10000,0x000000003bf10000)]
  0x0000000035b0f800 JavaThread "grpc-nio-worker-ELG-1-13" daemon [_thread_in_native, id=26808, stack(0x000000003bd10000,0x000000003be10000)]
  0x0000000035b0b800 JavaThread "grpc-nio-worker-ELG-1-12" daemon [_thread_in_native, id=22844, stack(0x000000003bc10000,0x000000003bd10000)]
  0x0000000035b0d000 JavaThread "grpc-nio-worker-ELG-1-11" daemon [_thread_in_native, id=12936, stack(0x000000003bb10000,0x000000003bc10000)]
  0x0000000035b09800 JavaThread "grpc-client-pool-1" [_thread_blocked, id=38816, stack(0x000000003ba10000,0x000000003bb10000)]
  0x0000000035b0e800 JavaThread "grpc-client-pool-0" [_thread_blocked, id=972, stack(0x000000003b910000,0x000000003ba10000)]
  0x0000000035b0b000 JavaThread "grpc-nio-worker-ELG-1-10" daemon [_thread_in_native, id=29856, stack(0x000000003b600000,0x000000003b700000)]
  0x0000000035d50800 JavaThread "grpc-nio-worker-ELG-1-9" daemon [_thread_in_native, id=16876, stack(0x000000003b500000,0x000000003b600000)]
  0x0000000035d53800 JavaThread "grpc-nio-worker-ELG-1-8" daemon [_thread_in_native, id=11496, stack(0x000000003b400000,0x000000003b500000)]
  0x0000000035d51800 JavaThread "grpc-nio-worker-ELG-1-7" daemon [_thread_in_native, id=12316, stack(0x000000003b300000,0x000000003b400000)]
  0x0000000035d50000 JavaThread "grpc-nio-worker-ELG-1-6" daemon [_thread_in_native, id=30984, stack(0x000000003b200000,0x000000003b300000)]
  0x0000000035d4e800 JavaThread "grpc-nio-worker-ELG-1-5" daemon [_thread_in_native, id=17996, stack(0x000000003b100000,0x000000003b200000)]
  0x0000000035d52000 JavaThread "grpc-nio-worker-ELG-1-4" daemon [_thread_in_native, id=13132, stack(0x000000003abe0000,0x000000003ace0000)]
  0x0000000035d55000 JavaThread "grpc-nio-worker-ELG-1-3" daemon [_thread_in_native, id=20076, stack(0x000000003a8e0000,0x000000003a9e0000)]
  0x0000000035d53000 JavaThread "grpc-nio-worker-ELG-1-2" daemon [_thread_in_native, id=15476, stack(0x000000003a7e0000,0x000000003a8e0000)]
  0x0000000035d54800 JavaThread "grpc-nio-worker-ELG-1-1" daemon [_thread_in_native, id=29080, stack(0x00000000357e0000,0x00000000358e0000)]
  0x000000003180e000 JavaThread "commons-pool-evictor-thread" daemon [_thread_blocked, id=40308, stack(0x0000000000dd0000,0x0000000000ed0000)]
  0x000000003180d000 JavaThread "lettuce-nioEventLoop-4-3" daemon [_thread_in_native, id=31128, stack(0x0000000038cd0000,0x0000000038dd0000)]
  0x000000003180c800 JavaThread "lettuce-nioEventLoop-4-2" daemon [_thread_in_native, id=35832, stack(0x0000000037bc0000,0x0000000037cc0000)]
  0x000000003180b800 JavaThread "lettuce-nioEventLoop-4-1" daemon [_thread_in_native, id=25896, stack(0x0000000036ab0000,0x0000000036bb0000)]
  0x0000000031810000 JavaThread "lettuce-timer-3-1" daemon [_thread_blocked, id=17560, stack(0x00000000356e0000,0x00000000357e0000)]
  0x000000003180f800 JavaThread "logback-12" daemon [_thread_blocked, id=23968, stack(0x00000000353e0000,0x00000000354e0000)]
  0x0000000031804000 JavaThread "Thread-97" daemon [_thread_in_native, id=14124, stack(0x00000000352e0000,0x00000000353e0000)]
  0x000000003180a000 JavaThread "Client_172.0.3.165@DEFAULT_GuardForAsyncSend" [_thread_blocked, id=23612, stack(0x00000000350e0000,0x00000000351e0000)]
  0x0000000031809800 JavaThread "Client_172.0.3.165@DEFAULT_GuardForSyncSend" [_thread_blocked, id=13736, stack(0x0000000034fe0000,0x00000000350e0000)]
  0x0000000031808000 JavaThread "LatencyFaultToleranceScheduledThread" [_thread_blocked, id=40752, stack(0x0000000034ee0000,0x0000000034fe0000)]
  0x0000000031806800 JavaThread "RequestHouseKeepingService1" [_thread_blocked, id=36180, stack(0x0000000034de0000,0x0000000034ee0000)]
  0x0000000031807000 JavaThread "LatencyFaultToleranceScheduledThread" [_thread_blocked, id=16560, stack(0x0000000034ce0000,0x0000000034de0000)]
  0x0000000031805800 JavaThread "RebalanceService" [_thread_blocked, id=36784, stack(0x0000000034be0000,0x0000000034ce0000)]
  0x0000000031803800 JavaThread "PullMessageService" [_thread_blocked, id=26076, stack(0x0000000034ae0000,0x0000000034be0000)]
  0x0000000031805000 JavaThread "ClientHouseKeepingService" [_thread_blocked, id=21508, stack(0x00000000349e0000,0x0000000034ae0000)]
  0x0000000031808800 JavaThread "NettyEventExecutor" [_thread_blocked, id=14732, stack(0x00000000348e0000,0x00000000349e0000)]
  0x0000000031802800 JavaThread "MQClientFactoryScheduledThread" [_thread_blocked, id=15220, stack(0x00000000345e0000,0x00000000346e0000)]
  0x000000002e97a000 JavaThread "logback-11" daemon [_thread_blocked, id=39216, stack(0x00000000344e0000,0x00000000345e0000)]
  0x000000002e977800 JavaThread "AsyncAppender-Worker-DefaultAppender" daemon [_thread_blocked, id=32748, stack(0x00000000343e0000,0x00000000344e0000)]
  0x000000002e97d800 JavaThread "Connection evictor" daemon [_thread_blocked, id=7304, stack(0x0000000033ee0000,0x0000000033fe0000)]
  0x000000002e97e800 JavaThread "logback-10" daemon [_thread_blocked, id=37468, stack(0x0000000033de0000,0x0000000033ee0000)]
  0x000000002e97c000 JavaThread "Druid-ConnectionPool-Destroy-1234736203" daemon [_thread_blocked, id=25120, stack(0x00000000334e0000,0x00000000335e0000)]
  0x000000002e97b800 JavaThread "Druid-ConnectionPool-Create-1234736203" daemon [_thread_blocked, id=13376, stack(0x00000000333e0000,0x00000000334e0000)]
  0x000000002e973800 JavaThread "Abandoned connection cleanup thread" daemon [_thread_blocked, id=31340, stack(0x00000000330e0000,0x00000000331e0000)]
  0x000000002e979000 JavaThread "container-0" [_thread_blocked, id=33976, stack(0x0000000032fe0000,0x00000000330e0000)]
  0x000000002e978800 JavaThread "ContainerBackgroundProcessor[StandardEngine[Tomcat]]" daemon [_thread_blocked, id=35408, stack(0x0000000032ee0000,0x0000000032fe0000)]
  0x000000002e976800 JavaThread "logback-9" daemon [_thread_blocked, id=26632, stack(0x00000000327e0000,0x00000000328e0000)]
  0x000000002e973000 JavaThread "longpolling-latestItem-pool-1" [_thread_in_native, id=29616, stack(0x00000000324e0000,0x00000000325e0000)]
  0x000000002e96f000 JavaThread "processresult-latestItem-pool-1" [_thread_blocked, id=21608, stack(0x00000000322e0000,0x00000000323e0000)]
  0x000000002e975000 JavaThread "longpolling-file-pool-1" [_thread_in_native, id=12592, stack(0x00000000323e0000,0x00000000324e0000)]
  0x000000002e974800 JavaThread "processresult-file-pool-1" [_thread_blocked, id=40320, stack(0x0000000031fe0000,0x00000000320e0000)]
  0x000000002e976000 JavaThread "AsyncAppender-Worker-PATCH_ASYNC_LOG" daemon [_thread_blocked, id=23952, stack(0x000000002fe10000,0x000000002ff10000)]
  0x000000002e972000 JavaThread "AsyncAppender-Worker-ALARM_ERROR_ASYNC" daemon [_thread_blocked, id=27864, stack(0x000000002e340000,0x000000002e440000)]
  0x000000002e971800 JavaThread "logback-8" daemon [_thread_blocked, id=38808, stack(0x000000002e240000,0x000000002e340000)]
  0x000000002b82a800 JavaThread "AsyncAppender-Worker-ASYNC_MOM_LOG" daemon [_thread_blocked, id=32412, stack(0x000000002e040000,0x000000002e140000)]
  0x000000002b82b000 JavaThread "logback-7" daemon [_thread_blocked, id=37528, stack(0x000000002df40000,0x000000002e040000)]
  0x000000002b826800 JavaThread "AsyncAppender-Worker-ASYNC" daemon [_thread_blocked, id=10444, stack(0x000000002de40000,0x000000002df40000)]
  0x000000002b829800 JavaThread "logback-6" daemon [_thread_blocked, id=19056, stack(0x000000002dc40000,0x000000002dd40000)]
  0x000000002b829000 JavaThread "logback-5" daemon [_thread_blocked, id=12172, stack(0x000000002db40000,0x000000002dc40000)]
  0x000000002bed2800 JavaThread "AsyncAppender-Worker-ALARM_ERROR_ASYNC" daemon [_thread_blocked, id=22952, stack(0x000000002e140000,0x000000002e240000)]
  0x000000002be87000 JavaThread "AsyncAppender-Worker-ASYNC" daemon [_thread_blocked, id=32744, stack(0x000000002dd40000,0x000000002de40000)]
  0x000000002bd47800 JavaThread "RMI Scheduler(0)" daemon [_thread_blocked, id=12488, stack(0x000000002d840000,0x000000002d940000)]
  0x000000002bac2000 JavaThread "RMI TCP Accept-0" daemon [_thread_in_native, id=39912, stack(0x000000002d040000,0x000000002d140000)]
  0x000000002b86e800 JavaThread "Service Thread" daemon [_thread_blocked, id=40588, stack(0x000000002cd60000,0x000000002ce60000)]
  0x000000002b826000 JavaThread "C1 CompilerThread11" daemon [_thread_blocked, id=30972, stack(0x000000002cc60000,0x000000002cd60000)]
  0x000000002b827800 JavaThread "C1 CompilerThread10" daemon [_thread_blocked, id=40364, stack(0x000000002cb60000,0x000000002cc60000)]
  0x000000002b824800 JavaThread "C1 CompilerThread9" daemon [_thread_blocked, id=14424, stack(0x000000002ca60000,0x000000002cb60000)]
  0x000000002b80b800 JavaThread "C1 CompilerThread8" daemon [_thread_blocked, id=32732, stack(0x000000002c860000,0x000000002c960000)]
  0x000000002b7ff000 JavaThread "C2 CompilerThread7" daemon [_thread_blocked, id=12160, stack(0x000000002c760000,0x000000002c860000)]
  0x000000002b7fe000 JavaThread "C2 CompilerThread6" daemon [_thread_blocked, id=26424, stack(0x000000002c660000,0x000000002c760000)]
  0x000000002b7f3800 JavaThread "C2 CompilerThread5" daemon [_thread_blocked, id=34948, stack(0x000000002c560000,0x000000002c660000)]
  0x000000002b7f2800 JavaThread "C2 CompilerThread4" daemon [_thread_blocked, id=30392, stack(0x000000002c460000,0x000000002c560000)]
  0x000000002b7f2000 JavaThread "C2 CompilerThread3" daemon [_thread_blocked, id=34424, stack(0x000000002c360000,0x000000002c460000)]
  0x000000002b7f1000 JavaThread "C2 CompilerThread2" daemon [_thread_blocked, id=13712, stack(0x000000002c260000,0x000000002c360000)]
  0x000000002b7ec800 JavaThread "C2 CompilerThread1" daemon [_thread_blocked, id=36932, stack(0x000000002c160000,0x000000002c260000)]
  0x000000002b78c000 JavaThread "C2 CompilerThread0" daemon [_thread_blocked, id=35740, stack(0x000000002c060000,0x000000002c160000)]
  0x00000000284c2800 JavaThread "JDWP Event Helper Thread" daemon [_thread_blocked, id=31032, stack(0x000000002a5e0000,0x000000002a6e0000)]
  0x0000000028458000 JavaThread "Attach Listener" daemon [_thread_blocked, id=31416, stack(0x000000002a3e0000,0x000000002a4e0000)]
  0x000000002843e800 JavaThread "Signal Dispatcher" daemon [_thread_blocked, id=40036, stack(0x000000002a2e0000,0x000000002a3e0000)]
  0x0000000028439000 JavaThread "Finalizer" daemon [_thread_blocked, id=15568, stack(0x000000002a180000,0x000000002a280000)]
  0x0000000026826000 JavaThread "Reference Handler" daemon [_thread_blocked, id=34056, stack(0x000000002a080000,0x000000002a180000)]

Other Threads:
=>0x0000000028416000 VMThread [stack: 0x0000000029f80000,0x000000002a080000] [id=40504]
  0x000000002bacb800 WatcherThread [stack: 0x000000002d140000,0x000000002d240000] [id=29412]

VM state:at safepoint (normal execution)

VM Mutex/Monitor currently owned by a thread:  ([mutex/lock_event])
[0x000000000104cc30] Threads_lock - owner thread: 0x0000000028416000

Heap:
 PSYoungGen      total 2605056K, used 1254226K [0x0000000716f80000, 0x00000007c0000000, 0x00000007c0000000)
  eden space 2457088K, 47% used [0x0000000716f80000,0x000000075db61b00,0x00000007acf00000)
  from space 147968K, 64% used [0x00000007b6f80000,0x00000007bcc73048,0x00000007c0000000)
  to   space 156160K, 0% used [0x00000007acf00000,0x00000007acf00000,0x00000007b6780000)
 ParOldGen       total 718848K, used 316508K [0x00000005c4e00000, 0x00000005f0c00000, 0x0000000716f80000)
  object space 718848K, 44% used [0x00000005c4e00000,0x00000005d8317330,0x00000005f0c00000)
 Metaspace       used 121370K, capacity 124914K, committed 125184K, reserved 1159168K
  class space    used 14205K, capacity 14978K, committed 15104K, reserved 1048576K

Card table byte_map: [0x0000000012750000,0x0000000013730000] byte_map_base: 0x000000000f929000

Marking Bits: (ParMarkBitMap*) 0x000000006e2c0860
 Begin Bits: [0x00000000150d0000, 0x000000001cf98000)
 End Bits:   [0x000000001cf98000, 0x0000000024e60000)

Polling page: 0x0000000000fc0000

CodeCache: size=245760Kb used=28122Kb max_used=28125Kb free=217637Kb
 bounds [0x0000000003390000, 0x0000000004f10000, 0x0000000012390000]
 total_blobs=13812 nmethods=12948 adapters=779
 compilation: enabled

Compilation events (10 events):
Event: 409.331 Thread 0x000000002b826000 nmethod 13174 0x000000000380c010 code [0x000000000380c160, 0x000000000380c2b0]
Event: 409.332 Thread 0x000000002b827800 nmethod 13172 0x0000000004f06e10 code [0x0000000004f06f80, 0x0000000004f07150]
Event: 409.332 Thread 0x000000002b827800 13175       1       java.util.concurrent.LinkedBlockingQueue::size (8 bytes)
Event: 409.332 Thread 0x000000002b827800 nmethod 13175 0x0000000004f07210 code [0x0000000004f07360, 0x0000000004f07470]
Event: 409.332 Thread 0x000000002b826000 13176       1       java.time.LocalDateTime::ofEpochSecond (80 bytes)
Event: 409.332 Thread 0x000000002b80b800 nmethod 13173 0x0000000004f07510 code [0x0000000004f07780, 0x0000000004f086b8]
Event: 409.332 Thread 0x000000002b826000 nmethod 13176 0x0000000004f09550 code [0x0000000004f09700, 0x0000000004f09c48]
Event: 409.333 Thread 0x000000002b827800 13177       1       io.netty.channel.nio.AbstractNioChannel::isOpen (8 bytes)
Event: 409.333 Thread 0x000000002b827800 nmethod 13177 0x0000000003bce990 code [0x0000000003bceae0, 0x0000000003bcec10]
Event: 409.453 Thread 0x000000002b824800 13178       1       io.netty.channel.AbstractChannel::id (5 bytes)

GC Heap History (10 events):
Event: 123.894 GC heap before
{Heap before GC invocations=40 (full 4):
 PSYoungGen      total 2628096K, used 2502656K [0x0000000716f80000, 0x00000007bfd80000, 0x00000007c0000000)
  eden space 2502656K, 100% used [0x0000000716f80000,0x00000007afb80000,0x00000007afb80000)
  from space 125440K, 0% used [0x00000007afb80000,0x00000007afb80000,0x00000007b7600000)
  to   space 120832K, 0% used [0x00000007b8780000,0x00000007b8780000,0x00000007bfd80000)
 ParOldGen       total 718848K, used 281522K [0x00000005c4e00000, 0x00000005f0c00000, 0x0000000716f80000)
  object space 718848K, 39% used [0x00000005c4e00000,0x00000005d60eca70,0x00000005f0c00000)
 Metaspace       used 97346K, capacity 99212K, committed 99456K, reserved 1136640K
  class space    used 11163K, capacity 11567K, committed 11648K, reserved 1048576K
Event: 123.906 GC heap after
Heap after GC invocations=40 (full 4):
 PSYoungGen      total 2633728K, used 63818K [0x0000000716f80000, 0x00000007bf380000, 0x00000007c0000000)
  eden space 2523136K, 0% used [0x0000000716f80000,0x0000000716f80000,0x00000007b0f80000)
  from space 110592K, 57% used [0x00000007b8780000,0x00000007bc5d2b70,0x00000007bf380000)
  to   space 116736K, 0% used [0x00000007b0f80000,0x00000007b0f80000,0x00000007b8180000)
 ParOldGen       total 718848K, used 281530K [0x00000005c4e00000, 0x00000005f0c00000, 0x0000000716f80000)
  object space 718848K, 39% used [0x00000005c4e00000,0x00000005d60eea70,0x00000005f0c00000)
 Metaspace       used 97346K, capacity 99212K, committed 99456K, reserved 1136640K
  class space    used 11163K, capacity 11567K, committed 11648K, reserved 1048576K
}
Event: 126.236 GC heap before
{Heap before GC invocations=41 (full 4):
 PSYoungGen      total 2633728K, used 2586954K [0x0000000716f80000, 0x00000007bf380000, 0x00000007c0000000)
  eden space 2523136K, 100% used [0x0000000716f80000,0x00000007b0f80000,0x00000007b0f80000)
  from space 110592K, 57% used [0x00000007b8780000,0x00000007bc5d2b70,0x00000007bf380000)
  to   space 116736K, 0% used [0x00000007b0f80000,0x00000007b0f80000,0x00000007b8180000)
 ParOldGen       total 718848K, used 281530K [0x00000005c4e00000, 0x00000005f0c00000, 0x0000000716f80000)
  object space 718848K, 39% used [0x00000005c4e00000,0x00000005d60eea70,0x00000005f0c00000)
 Metaspace       used 98685K, capacity 100570K, committed 100608K, reserved 1138688K
  class space    used 11365K, capacity 11772K, committed 11776K, reserved 1048576K
Event: 126.262 GC heap after
Heap after GC invocations=41 (full 4):
 PSYoungGen      total 2639872K, used 116727K [0x0000000716f80000, 0x00000007c0000000, 0x00000007c0000000)
  eden space 2523136K, 0% used [0x0000000716f80000,0x0000000716f80000,0x00000007b0f80000)
  from space 116736K, 99% used [0x00000007b0f80000,0x00000007b817dde8,0x00000007b8180000)
  to   space 129536K, 0% used [0x00000007b8180000,0x00000007b8180000,0x00000007c0000000)
 ParOldGen       total 718848K, used 316484K [0x00000005c4e00000, 0x00000005f0c00000, 0x0000000716f80000)
  object space 718848K, 44% used [0x00000005c4e00000,0x00000005d8311330,0x00000005f0c00000)
 Metaspace       used 98685K, capacity 100570K, committed 100608K, reserved 1138688K
  class space    used 11365K, capacity 11772K, committed 11776K, reserved 1048576K
}
Event: 128.628 GC heap before
{Heap before GC invocations=42 (full 4):
 PSYoungGen      total 2639872K, used 2639863K [0x0000000716f80000, 0x00000007c0000000, 0x00000007c0000000)
  eden space 2523136K, 100% used [0x0000000716f80000,0x00000007b0f80000,0x00000007b0f80000)
  from space 116736K, 99% used [0x00000007b0f80000,0x00000007b817dde8,0x00000007b8180000)
  to   space 129536K, 0% used [0x00000007b8180000,0x00000007b8180000,0x00000007c0000000)
 ParOldGen       total 718848K, used 316484K [0x00000005c4e00000, 0x00000005f0c00000, 0x0000000716f80000)
  object space 718848K, 44% used [0x00000005c4e00000,0x00000005d8311330,0x00000005f0c00000)
 Metaspace       used 99413K, capacity 101292K, committed 101504K, reserved 1138688K
  class space    used 11471K, capacity 11903K, committed 11904K, reserved 1048576K
Event: 128.640 GC heap after
Heap after GC invocations=42 (full 4):
 PSYoungGen      total 2619392K, used 57850K [0x0000000716f80000, 0x00000007c0000000, 0x00000007c0000000)
  eden space 2489856K, 0% used [0x0000000716f80000,0x0000000716f80000,0x00000007aef00000)
  from space 129536K, 44% used [0x00000007b8180000,0x00000007bb9fea38,0x00000007c0000000)
  to   space 139776K, 0% used [0x00000007aef00000,0x00000007aef00000,0x00000007b7780000)
 ParOldGen       total 718848K, used 316492K [0x00000005c4e00000, 0x00000005f0c00000, 0x0000000716f80000)
  object space 718848K, 44% used [0x00000005c4e00000,0x00000005d8313330,0x00000005f0c00000)
 Metaspace       used 99413K, capacity 101292K, committed 101504K, reserved 1138688K
  class space    used 11471K, capacity 11903K, committed 11904K, reserved 1048576K
}
Event: 131.047 GC heap before
{Heap before GC invocations=43 (full 4):
 PSYoungGen      total 2619392K, used 2547706K [0x0000000716f80000, 0x00000007c0000000, 0x00000007c0000000)
  eden space 2489856K, 100% used [0x0000000716f80000,0x00000007aef00000,0x00000007aef00000)
  from space 129536K, 44% used [0x00000007b8180000,0x00000007bb9fea38,0x00000007c0000000)
  to   space 139776K, 0% used [0x00000007aef00000,0x00000007aef00000,0x00000007b7780000)
 ParOldGen       total 718848K, used 316492K [0x00000005c4e00000, 0x00000005f0c00000, 0x0000000716f80000)
  object space 718848K, 44% used [0x00000005c4e00000,0x00000005d8313330,0x00000005f0c00000)
 Metaspace       used 101450K, capacity 103760K, committed 104064K, reserved 1140736K
  class space    used 11795K, capacity 12318K, committed 12416K, reserved 1048576K
Event: 131.069 GC heap after
Heap after GC invocations=43 (full 4):
 PSYoungGen      total 2621440K, used 131379K [0x0000000716f80000, 0x00000007c0000000, 0x00000007c0000000)
  eden space 2489856K, 0% used [0x0000000716f80000,0x0000000716f80000,0x00000007aef00000)
  from space 131584K, 99% used [0x00000007aef00000,0x00000007b6f4ce70,0x00000007b6f80000)
  to   space 147968K, 0% used [0x00000007b6f80000,0x00000007b6f80000,0x00000007c0000000)
 ParOldGen       total 718848K, used 316500K [0x00000005c4e00000, 0x00000005f0c00000, 0x0000000716f80000)
  object space 718848K, 44% used [0x00000005c4e00000,0x00000005d8315330,0x00000005f0c00000)
 Metaspace       used 101450K, capacity 103760K, committed 104064K, reserved 1140736K
  class space    used 11795K, capacity 12318K, committed 12416K, reserved 1048576K
}
Event: 232.640 GC heap before
{Heap before GC invocations=44 (full 4):
 PSYoungGen      total 2621440K, used 2621235K [0x0000000716f80000, 0x00000007c0000000, 0x00000007c0000000)
  eden space 2489856K, 100% used [0x0000000716f80000,0x00000007aef00000,0x00000007aef00000)
  from space 131584K, 99% used [0x00000007aef00000,0x00000007b6f4ce70,0x00000007b6f80000)
  to   space 147968K, 0% used [0x00000007b6f80000,0x00000007b6f80000,0x00000007c0000000)
 ParOldGen       total 718848K, used 316500K [0x00000005c4e00000, 0x00000005f0c00000, 0x0000000716f80000)
  object space 718848K, 44% used [0x00000005c4e00000,0x00000005d8315330,0x00000005f0c00000)
 Metaspace       used 107581K, capacity 110204K, committed 110336K, reserved 1146880K
  class space    used 12541K, capacity 13185K, committed 13312K, reserved 1048576K
Event: 232.661 GC heap after
Heap after GC invocations=44 (full 4):
 PSYoungGen      total 2605056K, used 95180K [0x0000000716f80000, 0x00000007c0000000, 0x00000007c0000000)
  eden space 2457088K, 0% used [0x0000000716f80000,0x0000000716f80000,0x00000007acf00000)
  from space 147968K, 64% used [0x00000007b6f80000,0x00000007bcc73048,0x00000007c0000000)
  to   space 156160K, 0% used [0x00000007acf00000,0x00000007acf00000,0x00000007b6780000)
 ParOldGen       total 718848K, used 316508K [0x00000005c4e00000, 0x00000005f0c00000, 0x0000000716f80000)
  object space 718848K, 44% used [0x00000005c4e00000,0x00000005d8317330,0x00000005f0c00000)
 Metaspace       used 107581K, capacity 110204K, committed 110336K, reserved 1146880K
  class space    used 12541K, capacity 13185K, committed 13312K, reserved 1048576K
}

Deoptimization events (0 events):
No events

Classes redefined (0 events):
No events

Internal exceptions (10 events):
Event: 306.180 Thread 0x000000004180e000 Exception <a 'java/lang/ArrayIndexOutOfBoundsException'> (0x000000074fb9d8a8) thrown at [C:\re\workspace\8-2-build-windows-amd64-cygwin\jdk8u162\10278\hotspot\src\share\vm\runtime\sharedRuntime.cpp, line 605]
Event: 306.180 Thread 0x000000004180e000 Exception <a 'java/lang/ArrayIndexOutOfBoundsException'> (0x000000074fba3cd0) thrown at [C:\re\workspace\8-2-build-windows-amd64-cygwin\jdk8u162\10278\hotspot\src\share\vm\runtime\sharedRuntime.cpp, line 605]
Event: 306.180 Thread 0x000000004180e000 Exception <a 'java/lang/ArrayIndexOutOfBoundsException'> (0x000000074fba4ee8) thrown at [C:\re\workspace\8-2-build-windows-amd64-cygwin\jdk8u162\10278\hotspot\src\share\vm\runtime\sharedRuntime.cpp, line 605]
Event: 306.181 Thread 0x000000004180e000 Exception <a 'java/lang/ArrayIndexOutOfBoundsException'> (0x000000074fba6078) thrown at [C:\re\workspace\8-2-build-windows-amd64-cygwin\jdk8u162\10278\hotspot\src\share\vm\runtime\sharedRuntime.cpp, line 605]
Event: 327.823 Thread 0x0000000035b17000 Exception <a 'java/net/SocketTimeoutException': Read timed out> (0x00000007231a22f0) thrown at [C:\re\workspace\8-2-build-windows-amd64-cygwin\jdk8u162\10278\hotspot\src\share\vm\prims\jni.cpp, line 735]
Event: 357.824 Thread 0x0000000035b17000 Exception <a 'java/net/SocketTimeoutException': Read timed out> (0x00000007231a2578) thrown at [C:\re\workspace\8-2-build-windows-amd64-cygwin\jdk8u162\10278\hotspot\src\share\vm\prims\jni.cpp, line 735]
Event: 387.824 Thread 0x0000000035b17000 Exception <a 'java/net/SocketTimeoutException': Read timed out> (0x00000007231a2800) thrown at [C:\re\workspace\8-2-build-windows-amd64-cygwin\jdk8u162\10278\hotspot\src\share\vm\prims\jni.cpp, line 735]
Event: 409.328 Thread 0x00000000363b4000 Exception <a 'java/lang/InterruptedException': sleep interrupted> (0x000000071b218950) thrown at [C:\re\workspace\8-2-build-windows-amd64-cygwin\jdk8u162\10278\hotspot\src\share\vm\prims\jvm.cpp, line 3228]
Event: 409.398 Thread 0x0000000036662000 Exception <a 'java/lang/InterruptedException': sleep interrupted> (0x000000071e22df40) thrown at [C:\re\workspace\8-2-build-windows-amd64-cygwin\jdk8u162\10278\hotspot\src\share\vm\prims\jvm.cpp, line 3228]
Event: 409.453 Thread 0x000000003667c000 Exception <a 'java/lang/InterruptedException': sleep interrupted> (0x000000071a313338) thrown at [C:\re\workspace\8-2-build-windows-amd64-cygwin\jdk8u162\10278\hotspot\src\share\vm\prims\jvm.cpp, line 3228]

Events (10 events):
Event: 409.453 Thread 0x000000003667d000 DEOPT PACKING pc=0x000000000486765c sp=0x00000000544ef300
Event: 409.453 Thread 0x000000003667d000 DEOPT UNPACKING pc=0x00000000033d7890 sp=0x00000000544ef028 mode 1
Event: 409.453 Thread 0x000000003667d000 DEOPT PACKING pc=0x000000000483f514 sp=0x00000000544ef340
Event: 409.453 Thread 0x000000003667d000 DEOPT UNPACKING pc=0x00000000033d7890 sp=0x00000000544ef0e0 mode 1
Event: 409.453 Thread 0x000000003667d000 Thread exited: 0x000000003667d000
Event: 409.453 Thread 0x000000003667c000 DEOPT PACKING pc=0x0000000003f48e64 sp=0x00000000547ef050
Event: 409.453 Thread 0x000000003667c000 DEOPT UNPACKING pc=0x00000000033d7890 sp=0x00000000547eedd8 mode 1
Event: 409.453 Thread 0x000000003667c000 Thread exited: 0x000000003667c000
Event: 409.453 Thread 0x0000000036678800 Thread exited: 0x0000000036678800
Event: 409.453 Executing VM operation: BulkRevokeBias


Dynamic libraries:
0x00007ff639010000 - 0x00007ff639047000 	D:\WorkApplication\Java\jdk1.8.0_162\bin\java.exe
0x00007ff91ba90000 - 0x00007ff91bc85000 	C:\windows\SYSTEM32\ntdll.dll
0x00007ff91a8c0000 - 0x00007ff91a97d000 	C:\windows\System32\KERNEL32.DLL
0x00007ff919670000 - 0x00007ff919938000 	C:\windows\System32\KERNELBASE.dll
0x00007ff91a9f0000 - 0x00007ff91aa9c000 	C:\windows\System32\ADVAPI32.dll
0x00007ff91a770000 - 0x00007ff91a80e000 	C:\windows\System32\msvcrt.dll
0x00007ff919c10000 - 0x00007ff919cab000 	C:\windows\System32\sechost.dll
0x00007ff91ace0000 - 0x00007ff91ae0b000 	C:\windows\System32\RPCRT4.dll
0x00007ff91b7d0000 - 0x00007ff91b970000 	C:\windows\System32\USER32.dll
0x00007ff919a20000 - 0x00007ff919a42000 	C:\windows\System32\win32u.dll
0x00007ff919f70000 - 0x00007ff919f9a000 	C:\windows\System32\GDI32.dll
0x00007ff919380000 - 0x00007ff91948b000 	C:\windows\System32\gdi32full.dll
0x00007ff919a50000 - 0x00007ff919aed000 	C:\windows\System32\msvcp_win.dll
0x00007ff919280000 - 0x00007ff919380000 	C:\windows\System32\ucrtbase.dll
0x00007ff903cd0000 - 0x00007ff903f6a000 	C:\windows\WinSxS\amd64_microsoft.windows.common-controls_6595b64144ccf1df_6.0.19041.844_none_ca00b6081b84eb1d\COMCTL32.dll
0x00007ff91acb0000 - 0x00007ff91ace0000 	C:\windows\System32\IMM32.DLL
0x00007ff8dcd60000 - 0x00007ff8dce04000 	C:\Program Files\McAfee\Endpoint Security\Threat Prevention\Ips\EpMPApi.dll
0x00007ff919940000 - 0x00007ff9199a0000 	C:\windows\System32\WINTRUST.dll
0x00007ff919490000 - 0x00007ff9195ef000 	C:\windows\System32\CRYPT32.dll
0x00007ff918dc0000 - 0x00007ff918dd2000 	C:\windows\SYSTEM32\MSASN1.dll
0x000000006e870000 - 0x000000006e87c000 	C:\Program Files\McAfee\Endpoint Security\Threat Prevention\Ips\EpMPThe.dll
0x00007ff8dbab0000 - 0x00007ff8dbb0b000 	C:\Program Files\McAfee\Endpoint Security\Threat Prevention\Ips\HIPHandlers64.dll
0x00007ff91af50000 - 0x00007ff91b692000 	C:\windows\System32\SHELL32.dll
0x00007ff919b00000 - 0x00007ff919b55000 	C:\windows\System32\SHLWAPI.dll
0x00007ff9185f0000 - 0x00007ff91862b000 	C:\windows\SYSTEM32\IPHLPAPI.DLL
0x00007ff90eb30000 - 0x00007ff90ed14000 	C:\windows\SYSTEM32\dbghelp.dll
0x000000006e340000 - 0x000000006e411000 	D:\WorkApplication\Java\jdk1.8.0_162\jre\bin\msvcr100.dll
0x000000006daa0000 - 0x000000006e340000 	D:\WorkApplication\Java\jdk1.8.0_162\jre\bin\server\jvm.dll
0x00007ff91a810000 - 0x00007ff91a818000 	C:\windows\System32\PSAPI.DLL
0x00007ff8fee10000 - 0x00007ff8fee1a000 	C:\windows\SYSTEM32\VERSION.dll
0x00007ff90ca20000 - 0x00007ff90ca47000 	C:\windows\SYSTEM32\WINMM.dll
0x00007ff8f5b90000 - 0x00007ff8f5b99000 	C:\windows\SYSTEM32\WSOCK32.dll
0x00007ff91ae10000 - 0x00007ff91ae7b000 	C:\windows\System32\WS2_32.dll
0x000000006da90000 - 0x000000006da9f000 	D:\WorkApplication\Java\jdk1.8.0_162\jre\bin\verify.dll
0x000000006da60000 - 0x000000006da89000 	D:\WorkApplication\Java\jdk1.8.0_162\jre\bin\java.dll
0x000000006d300000 - 0x000000006d335000 	D:\WorkApplication\Java\jdk1.8.0_162\jre\bin\jdwp.dll
0x000000006d920000 - 0x000000006d928000 	D:\WorkApplication\Java\jdk1.8.0_162\jre\bin\npt.dll
0x000000006d2d0000 - 0x000000006d2f3000 	D:\WorkApplication\Java\jdk1.8.0_162\jre\bin\instrument.dll
0x000000006da40000 - 0x000000006da56000 	D:\WorkApplication\Java\jdk1.8.0_162\jre\bin\zip.dll
0x00007ff9172d0000 - 0x00007ff917a61000 	C:\windows\SYSTEM32\windows.storage.dll
0x00007ff91a410000 - 0x00007ff91a765000 	C:\windows\System32\combase.dll
0x00007ff918b70000 - 0x00007ff918b9c000 	C:\windows\SYSTEM32\Wldp.dll
0x00007ff919b60000 - 0x00007ff919c0e000 	C:\windows\System32\SHCORE.dll
0x00007ff919110000 - 0x00007ff91912f000 	C:\windows\SYSTEM32\profapi.dll
0x000000006d910000 - 0x000000006d919000 	D:\WorkApplication\Java\jdk1.8.0_162\jre\bin\dt_socket.dll
0x00007ff9188e0000 - 0x00007ff91894a000 	C:\windows\system32\mswsock.dll
0x000000006da20000 - 0x000000006da3a000 	D:\WorkApplication\Java\jdk1.8.0_162\jre\bin\net.dll
0x00007ff8f5290000 - 0x00007ff8f52db000 	C:\Program Files (x86)\Sangfor\SSL\ClientComponent\1_SangforNspX64.dll
0x00007ff91b6a0000 - 0x00007ff91b7ca000 	C:\windows\System32\ole32.dll
0x00007ff91ae80000 - 0x00007ff91af4d000 	C:\windows\System32\OLEAUT32.dll
0x00007ff918640000 - 0x00007ff91870c000 	C:\windows\SYSTEM32\DNSAPI.dll
0x00007ff91a980000 - 0x00007ff91a988000 	C:\windows\System32\NSI.dll
0x00007ff912850000 - 0x00007ff91285a000 	C:\Windows\System32\rasadhlp.dll
0x00007ff912e40000 - 0x00007ff912ebf000 	C:\windows\System32\fwpuclnt.dll
0x00007ff9199f0000 - 0x00007ff919a17000 	C:\windows\System32\bcrypt.dll
0x000000006d900000 - 0x000000006d90d000 	D:\WorkApplication\Java\jdk1.8.0_162\jre\bin\management.dll
0x000000006da00000 - 0x000000006da11000 	D:\WorkApplication\Java\jdk1.8.0_162\jre\bin\nio.dll
0x00007ff918bb0000 - 0x00007ff918bc8000 	C:\windows\SYSTEM32\CRYPTSP.dll
0x00007ff9182a0000 - 0x00007ff9182d4000 	C:\windows\system32\rsaenh.dll
0x00007ff919090000 - 0x00007ff9190be000 	C:\windows\SYSTEM32\USERENV.dll
0x00007ff9195f0000 - 0x00007ff919670000 	C:\windows\System32\bcryptprimitives.dll
0x00007ff918a60000 - 0x00007ff918a6c000 	C:\windows\SYSTEM32\CRYPTBASE.dll
0x00007ff912910000 - 0x00007ff912927000 	C:\windows\SYSTEM32\dhcpcsvc6.DLL
0x00007ff9128e0000 - 0x00007ff9128fd000 	C:\windows\SYSTEM32\dhcpcsvc.DLL
0x00007ff8e7570000 - 0x00007ff8e7587000 	C:\windows\system32\napinsp.dll
0x00007ff8e6820000 - 0x00007ff8e683b000 	C:\windows\system32\pnrpnsp.dll
0x00007ff913d80000 - 0x00007ff913d95000 	C:\windows\system32\wshbth.dll
0x00007ff9163c0000 - 0x00007ff9163dd000 	C:\windows\system32\NLAapi.dll
0x00007ff8e6800000 - 0x00007ff8e6812000 	C:\windows\System32\winrnr.dll
0x000000006d2a0000 - 0x000000006d2c4000 	D:\WorkApplication\Java\jdk1.8.0_162\jre\bin\sunec.dll

VM Arguments:
jvm_args: -agentlib:jdwp=transport=dt_socket,address=127.0.0.1:62068,suspend=y,server=n -XX:TieredStopAtLevel=1 -Xverify:none -Dspring.output.ansi.enabled=always -Dcom.sun.management.jmxremote -Dspring.jmx.enabled=true -Dspring.liveBeansView.mbeanDomain -Dspring.application.admin.enabled=true -javaagent:C:\Users\juman.wang\AppData\Local\JetBrains\IntelliJIdea2023.3\captureAgent\debugger-agent.jar=file:/C:/Users/juman.wang/AppData/Local/Temp/capture.props -Dfile.encoding=UTF-8 
java_command: com.br.marketing.mq.MarketingMqConsumerApplication
java_class_path (initial): D:\WorkApplication\Java\jdk1.8.0_162\jre\lib\charsets.jar;D:\WorkApplication\Java\jdk1.8.0_162\jre\lib\deploy.jar;D:\WorkApplication\Java\jdk1.8.0_162\jre\lib\ext\access-bridge-64.jar;D:\WorkApplication\Java\jdk1.8.0_162\jre\lib\ext\cldrdata.jar;D:\WorkApplication\Java\jdk1.8.0_162\jre\lib\ext\dnsns.jar;D:\WorkApplication\Java\jdk1.8.0_162\jre\lib\ext\jaccess.jar;D:\WorkApplication\Java\jdk1.8.0_162\jre\lib\ext\jfxrt.jar;D:\WorkApplication\Java\jdk1.8.0_162\jre\lib\ext\localedata.jar;D:\WorkApplication\Java\jdk1.8.0_162\jre\lib\ext\nashorn.jar;D:\WorkApplication\Java\jdk1.8.0_162\jre\lib\ext\sunec.jar;D:\WorkApplication\Java\jdk1.8.0_162\jre\lib\ext\sunjce_provider.jar;D:\WorkApplication\Java\jdk1.8.0_162\jre\lib\ext\sunmscapi.jar;D:\WorkApplication\Java\jdk1.8.0_162\jre\lib\ext\sunpkcs11.jar;D:\WorkApplication\Java\jdk1.8.0_162\jre\lib\ext\zipfs.jar;D:\WorkApplication\Java\jdk1.8.0_162\jre\lib\javaws.jar;D:\WorkApplication\Java\jdk1.8.0_162\jre\lib\jce.jar;D:\WorkApplication\Java\jdk1.8.0_162\jre\lib\jfr.jar;D:\WorkApplication\Java\jdk1.8.0_162\jre\lib\jfxswt.jar;D:\WorkApplication\Java\jdk1.8.0_162\jre\lib\jsse.jar;D:\WorkApplication\Java\jdk1.8.0_162\jre\lib\management-agent.jar;D:\WorkApplication\Java\jdk1.8.0_162\jre\lib\plugin.jar;D:\WorkApplication\Java\jdk1.8.0_162\jre\lib\resources.jar;D:\WorkApplication\Java\jdk1.8.0_162\jre\lib\rt.jar;E:\code\work\marketing\marketing-mq-consumer\target\classes;D:\maven-repository\org\springframework\boot\spring-boot-starter-web\1.5.4.RELEASE\spring-boot-starter-web-1.5.4.RELEASE.jar;D:\maven-repository\org\springframework\boot\spring-boot-starter\1.5.4.RELEASE\spring-boot-starter-1.5.4.RELEASE.jar;D:\maven-repository\org\springframework\boot\spring-boot\1.5.4.RELEASE\spring-boot-1.5.4.RELEASE.jar;D:\maven-repository\org\springframework\boot\spring-boot-starter-logging\1.5.4.RELEASE\spring-boot-starter-logging-1.5.4.RELEASE.jar;D:\maven-repository\org\slf4j\jul-to-slf4j\1.7.25\jul-to-slf4j-1.7.
Launcher Type: SUN_STANDARD

Environment Variables:
JAVA_HOME=D:\WorkApplication\Java\jdk1.8.0_162
CLASSPATH=.;D:\WorkApplication\Java\jdk1.8.0_162\lib;D:\WorkApplication\Java\jdk1.8.0_162\lib\tools.jar
PATH=D:\DayApplication\ShadowBot;C:\Python313\Scripts\;C:\Python313\;C:\Program Files\Common Files\Oracle\Java\javapath;C:\windows\system32;C:\windows;C:\windows\System32\Wbem;C:\windows\System32\WindowsPowerShell\v1.0\;C:\windows\System32\OpenSSH\;D:\WorkApplication\Git\cmd;D:\WorkApplication\apache-maven-3.9.6\bin;D:\WorkApplication\Java\jdk1.8.0_162\bin;D:\WorkApplication\jdk17\bin;;C:\ProgramData\chocolatey\bin;C:\Program Files\dotnet\;D:\WorkApplication\node\;D:\DayApplication\ShadowBot;D:\WorkApplication\python_3.10.15\Scripts\;D:\WorkApplication\python_3.10.15\;C:\Users\juman.wang\AppData\Local\Microsoft\WindowsApps;D:\WorkApplication\IntelliJ IDEA 2023.1.2\bin;;D:\WorkApplication\Microsoft VS Code\bin;C:\Users\juman.wang\.dotnet\tools;C:\Users\juman.wang\AppData\Local\Pandoc\;D:\WorkApplication\pycharm\PyCharm 2024.3.1\bin;;D:\WorkApplication\npm-store\npm-global\;C:\Users\juman.wang\AppData\Local\Programs\cursor\resources\app\bin
USERNAME=juman.wang
OS=Windows_NT
PROCESSOR_IDENTIFIER=Intel64 Family 6 Model 186 Stepping 2, GenuineIntel



---------------  S Y S T E M  ---------------

OS: Windows 10.0 , 64 bit Build 19041 (10.0.19041.928)

CPU:total 20 (initial active 20) (10 cores per cpu, 2 threads per core) family 6 model 186 stepping 2, cmov, cx8, fxsr, mmx, sse, sse2, sse3, ssse3, sse4.1, sse4.2, popcnt, avx, avx2, aes, clmul, erms, 3dnowpref, lzcnt, ht, tsc, tscinvbit, bmi1, bmi2, adx

Memory: 4k page, physical 33231568k(5846080k free), swap 47650636k(5632k free)

vm_info: Java HotSpot(TM) 64-Bit Server VM (25.162-b12) for windows-amd64 JRE (1.8.0_162-b12), built on Dec 19 2017 20:00:03 by "java_re" with MS VC++ 10.0 (VS2010)

time: Wed Oct 29 23:13:54 2025
elapsed time: 409 seconds (0d 0h 6m 49s)

